fund_id,symbol,navDate,nav
32,VCBF-BCF,2020-01-02,18294.12
32,VCBF-BCF,2020-01-08,18353.8
32,VCBF-BCF,2020-01-15,18399.89
32,VCBF-BCF,2020-01-22,18740.35
32,VCBF-BCF,2020-01-30,18811.65
32,VCBF-BCF,2020-01-31,17719.27
32,VCBF-BCF,2020-02-05,17402.03
32,VCBF-BCF,2020-02-12,17608.35
32,VCBF-BCF,2020-02-19,17951.5
32,VCBF-BCF,2020-02-26,17539.79
32,VCBF-BCF,2020-02-29,17334.07
32,VCBF-BCF,2020-03-04,17553.8
32,VCBF-BCF,2020-03-11,16487.64
32,VCBF-BCF,2020-03-18,14746.27
32,VCBF-BCF,2020-03-25,13508.7
32,VCBF-BCF,2020-03-31,13070.46
32,VCBF-BCF,2020-04-08,14422.31
32,VCBF-BCF,2020-04-15,14702.45
32,VCBF-BCF,2020-04-22,14752.6
32,VCBF-BCF,2020-04-29,15069.24
32,VCBF-BCF,2020-04-30,15138.19
32,VCBF-BCF,2020-05-06,15040.17
32,VCBF-BCF,2020-05-13,15754.84
32,VCBF-BCF,2020-05-20,15913.91
32,VCBF-BCF,2020-05-27,16187.99
32,VCBF-BCF,2020-05-31,15982.15
32,VCBF-BCF,2020-06-03,16161.56
32,VCBF-BCF,2020-06-10,16567.34
32,VCBF-BCF,2020-06-17,16056.62
32,VCBF-BCF,2020-06-24,16258.72
32,VCBF-BCF,2020-07-01,15864.72
32,VCBF-BCF,2020-07-08,16248.24
32,VCBF-BCF,2020-07-15,16311.0
32,VCBF-BCF,2020-07-22,16317.1
32,VCBF-BCF,2020-07-29,15710.92
32,VCBF-BCF,2020-07-31,15530.25
32,VCBF-BCF,2020-08-05,15944.95
32,VCBF-BCF,2020-08-12,16202.16
32,VCBF-BCF,2020-08-19,16457.02
32,VCBF-BCF,2020-08-26,16966.14
32,VCBF-BCF,2020-08-31,17097.0
32,VCBF-BCF,2020-09-03,17196.79
32,VCBF-BCF,2020-09-09,17085.61
32,VCBF-BCF,2020-09-16,17298.24
32,VCBF-BCF,2020-09-23,17632.41
32,VCBF-BCF,2020-09-30,17682.3
32,VCBF-BCF,2020-09-30,17764.46
32,VCBF-BCF,2020-10-07,18070.86
32,VCBF-BCF,2020-10-14,18008.02
32,VCBF-BCF,2020-10-21,18337.89
32,VCBF-BCF,2020-10-28,18220.36
32,VCBF-BCF,2020-10-31,17984.23
32,VCBF-BCF,2020-11-04,18203.83
32,VCBF-BCF,2020-11-11,18534.68
32,VCBF-BCF,2020-11-18,19067.59
32,VCBF-BCF,2020-11-25,19514.99
32,VCBF-BCF,2020-11-30,19662.01
32,VCBF-BCF,2020-12-02,19767.14
32,VCBF-BCF,2020-12-09,20196.77
32,VCBF-BCF,2020-12-16,20477.86
32,VCBF-BCF,2020-12-23,20908.87
32,VCBF-BCF,2020-12-30,21228.41
32,VCBF-BCF,2020-12-31,21350.65
32,VCBF-BCF,2021-01-06,22054.1
32,VCBF-BCF,2021-01-13,23116.37
32,VCBF-BCF,2021-01-20,21768.04
32,VCBF-BCF,2021-01-27,22095.74
32,VCBF-BCF,2021-01-31,20829.56
32,VCBF-BCF,2021-02-03,20936.41
32,VCBF-BCF,2021-02-10,21998.74
32,VCBF-BCF,2021-02-17,21989.74
32,VCBF-BCF,2021-02-24,23196.19
32,VCBF-BCF,2021-02-28,23265.5
32,VCBF-BCF,2021-03-03,23624.22
32,VCBF-BCF,2021-03-10,23315.25
32,VCBF-BCF,2021-03-17,23874.27
32,VCBF-BCF,2021-03-24,23842.7
32,VCBF-BCF,2021-03-31,23512.01
32,VCBF-BCF,2021-03-31,23629.82
32,VCBF-BCF,2021-04-07,24494.19
32,VCBF-BCF,2021-04-14,24368.86
32,VCBF-BCF,2021-04-22,24644.68
32,VCBF-BCF,2021-04-28,23811.58
32,VCBF-BCF,2021-04-30,24148.0
32,VCBF-BCF,2021-05-05,24234.95
32,VCBF-BCF,2021-05-12,24736.79
32,VCBF-BCF,2021-05-19,24764.7
32,VCBF-BCF,2021-05-26,26168.25
32,VCBF-BCF,2021-05-31,26768.05
32,VCBF-BCF,2021-06-02,27094.0
32,VCBF-BCF,2021-06-09,26452.14
32,VCBF-BCF,2021-06-16,27602.88
32,VCBF-BCF,2021-06-23,28066.66
32,VCBF-BCF,2021-06-30,28351.1
32,VCBF-BCF,2021-06-30,28300.25
32,VCBF-BCF,2021-07-07,27136.34
32,VCBF-BCF,2021-07-14,26707.64
32,VCBF-BCF,2021-07-21,26363.7
32,VCBF-BCF,2021-07-28,26695.52
32,VCBF-BCF,2021-08-04,27623.13
32,VCBF-BCF,2021-08-11,28164.98
32,VCBF-BCF,2021-08-18,28088.18
32,VCBF-BCF,2021-08-25,26809.77
32,VCBF-BCF,2021-09-01,27514.01
32,VCBF-BCF,2021-09-08,27706.36
32,VCBF-BCF,2021-09-15,27813.6
32,VCBF-BCF,2021-09-22,28007.69
32,VCBF-BCF,2021-09-29,28280.67
32,VCBF-BCF,2021-10-06,28628.98
32,VCBF-BCF,2021-10-13,29553.56
32,VCBF-BCF,2021-10-20,29424.26
32,VCBF-BCF,2021-10-27,29316.97
32,VCBF-BCF,2021-11-03,30040.71
32,VCBF-BCF,2021-11-10,30236.35
32,VCBF-BCF,2021-11-17,30231.33
32,VCBF-BCF,2021-11-24,29905.4
32,VCBF-BCF,2021-12-01,29783.15
32,VCBF-BCF,2021-12-08,29097.09
32,VCBF-BCF,2021-12-15,29426.24
32,VCBF-BCF,2021-12-22,29226.82
32,VCBF-BCF,2021-12-29,29233.93
32,VCBF-BCF,2022-01-05,29771.08
32,VCBF-BCF,2022-01-12,29041.39
32,VCBF-BCF,2022-01-19,28907.2
32,VCBF-BCF,2022-01-26,29414.95
32,VCBF-BCF,2022-02-07,29775.55
32,VCBF-BCF,2022-02-09,30239.07
32,VCBF-BCF,2022-02-16,30118.88
32,VCBF-BCF,2022-02-23,30516.06
32,VCBF-BCF,2022-03-02,30455.51
32,VCBF-BCF,2022-03-09,29833.42
32,VCBF-BCF,2022-03-16,29502.4
32,VCBF-BCF,2022-03-23,30444.64
32,VCBF-BCF,2022-03-30,31102.11
32,VCBF-BCF,2022-04-06,31723.28
32,VCBF-BCF,2022-04-13,30760.6
32,VCBF-BCF,2022-04-20,30741.31
32,VCBF-BCF,2022-04-27,29005.84
32,VCBF-BCF,2022-05-04,29489.17
32,VCBF-BCF,2022-05-11,28274.36
32,VCBF-BCF,2022-05-18,27380.11
32,VCBF-BCF,2022-05-25,27318.85
32,VCBF-BCF,2022-06-01,28906.62
32,VCBF-BCF,2022-06-08,29268.18
32,VCBF-BCF,2022-06-15,27638.7
32,VCBF-BCF,2022-06-22,26540.43
32,VCBF-BCF,2022-06-29,27774.03
32,VCBF-BCF,2022-07-05,27331.46
32,VCBF-BCF,2022-07-07,26463.09
32,VCBF-BCF,2022-07-12,26491.91
32,VCBF-BCF,2022-07-14,26938.39
32,VCBF-BCF,2022-07-19,26879.64
32,VCBF-BCF,2022-07-21,27211.55
32,VCBF-BCF,2022-07-26,27060.53
32,VCBF-BCF,2022-07-28,27019.06
32,VCBF-BCF,2022-08-02,27920.75
32,VCBF-BCF,2022-08-04,28232.91
32,VCBF-BCF,2022-08-09,28200.85
32,VCBF-BCF,2022-08-11,28212.78
32,VCBF-BCF,2022-08-16,28621.7
32,VCBF-BCF,2022-08-18,28626.2
32,VCBF-BCF,2022-08-23,28471.2
32,VCBF-BCF,2022-08-25,28791.33
32,VCBF-BCF,2022-08-30,28793.37
32,VCBF-BCF,2022-09-06,28878.05
32,VCBF-BCF,2022-09-08,28027.18
32,VCBF-BCF,2022-09-13,28265.05
32,VCBF-BCF,2022-09-15,28050.35
32,VCBF-BCF,2022-09-20,27038.82
32,VCBF-BCF,2022-09-22,27288.95
32,VCBF-BCF,2022-09-27,26485.1
32,VCBF-BCF,2022-09-29,25850.36
32,VCBF-BCF,2022-10-04,24442.18
32,VCBF-BCF,2022-10-06,24966.09
32,VCBF-BCF,2022-10-11,23683.07
32,VCBF-BCF,2022-10-13,23514.26
32,VCBF-BCF,2022-10-18,24093.18
32,VCBF-BCF,2022-10-20,24317.83
32,VCBF-BCF,2022-10-25,22287.59
32,VCBF-BCF,2022-10-27,22749.41
32,VCBF-BCF,2022-11-01,23497.2
32,VCBF-BCF,2022-11-03,23301.31
32,VCBF-BCF,2022-11-08,22193.94
32,VCBF-BCF,2022-11-10,22623.63
32,VCBF-BCF,2022-11-15,21517.75
32,VCBF-BCF,2022-11-17,21439.31
32,VCBF-BCF,2022-11-22,22160.84
32,VCBF-BCF,2022-11-24,22241.06
32,VCBF-BCF,2022-11-29,23822.37
32,VCBF-BCF,2022-12-01,24649.99
32,VCBF-BCF,2022-12-06,25822.5
32,VCBF-BCF,2022-12-08,24627.29
32,VCBF-BCF,2022-12-13,24506.59
32,VCBF-BCF,2022-12-15,25057.0
32,VCBF-BCF,2022-12-20,24750.14
32,VCBF-BCF,2022-12-22,24623.84
32,VCBF-BCF,2022-12-27,23633.59
32,VCBF-BCF,2022-12-29,24267.31
32,VCBF-BCF,2023-01-03,24126.82
32,VCBF-BCF,2023-01-05,24912.92
32,VCBF-BCF,2023-01-10,25088.92
32,VCBF-BCF,2023-01-12,25201.06
32,VCBF-BCF,2023-01-17,25417.53
32,VCBF-BCF,2023-01-19,26244.59
32,VCBF-BCF,2023-01-31,26353.41
32,VCBF-BCF,2023-02-02,25802.49
32,VCBF-BCF,2023-02-07,25816.0
32,VCBF-BCF,2023-02-09,25463.12
32,VCBF-BCF,2023-02-14,24992.54
32,VCBF-BCF,2023-02-16,25001.23
32,VCBF-BCF,2023-02-21,26108.69
32,VCBF-BCF,2023-02-23,25354.64
32,VCBF-BCF,2023-02-28,24437.4
32,VCBF-BCF,2023-03-02,25054.13
32,VCBF-BCF,2023-03-07,24664.34
32,VCBF-BCF,2023-03-09,25135.37
32,VCBF-BCF,2023-03-14,24989.24
32,VCBF-BCF,2023-03-16,25262.78
32,VCBF-BCF,2023-03-21,24384.79
32,VCBF-BCF,2023-03-23,24691.56
32,VCBF-BCF,2023-03-28,24939.55
32,VCBF-BCF,2023-03-30,24977.52
32,VCBF-BCF,2023-04-04,25639.29
32,VCBF-BCF,2023-04-06,25678.53
32,VCBF-BCF,2023-04-11,25386.73
32,VCBF-BCF,2023-04-13,25467.52
32,VCBF-BCF,2023-04-18,25162.25
32,VCBF-BCF,2023-04-20,25067.31
32,VCBF-BCF,2023-04-25,24990.71
32,VCBF-BCF,2023-04-27,24901.86
32,VCBF-BCF,2023-05-04,24938.29
32,VCBF-BCF,2023-05-09,25022.4
32,VCBF-BCF,2023-05-11,25248.94
32,VCBF-BCF,2023-05-16,25515.99
32,VCBF-BCF,2023-05-18,25453.44
32,VCBF-BCF,2023-05-23,25723.08
32,VCBF-BCF,2023-05-25,25473.51
32,VCBF-BCF,2023-05-30,25653.36
32,VCBF-BCF,2023-06-01,25633.15
32,VCBF-BCF,2023-06-06,26077.92
32,VCBF-BCF,2023-06-08,26362.93
32,VCBF-BCF,2023-06-13,26423.07
32,VCBF-BCF,2023-06-15,26379.99
32,VCBF-BCF,2023-06-20,26430.92
32,VCBF-BCF,2023-06-22,26870.11
32,VCBF-BCF,2023-06-27,27163.73
32,VCBF-BCF,2023-06-29,27366.71
32,VCBF-BCF,2023-07-04,27101.39
32,VCBF-BCF,2023-07-06,27354.03
32,VCBF-BCF,2023-07-11,27615.12
32,VCBF-BCF,2023-07-13,27882.55
32,VCBF-BCF,2023-07-18,28274.25
32,VCBF-BCF,2023-07-20,28186.31
32,VCBF-BCF,2023-07-25,28834.69
32,VCBF-BCF,2023-07-27,28856.91
32,VCBF-BCF,2023-08-01,29406.27
32,VCBF-BCF,2023-08-03,29183.66
32,VCBF-BCF,2023-08-08,29781.92
32,VCBF-BCF,2023-08-10,29706.49
32,VCBF-BCF,2023-08-15,29784.22
32,VCBF-BCF,2023-08-17,30053.66
32,VCBF-BCF,2023-08-22,28671.69
32,VCBF-BCF,2023-08-24,28464.0
32,VCBF-BCF,2023-08-29,29384.76
32,VCBF-BCF,2023-08-31,29940.88
32,VCBF-BCF,2023-09-05,30099.98
32,VCBF-BCF,2023-09-07,30655.61
32,VCBF-BCF,2023-09-12,30017.05
32,VCBF-BCF,2023-09-14,30398.92
32,VCBF-BCF,2023-09-19,29952.57
32,VCBF-BCF,2023-09-21,30372.56
32,VCBF-BCF,2023-09-26,28609.6
32,VCBF-BCF,2023-09-28,28707.1
32,VCBF-BCF,2023-10-03,28575.28
32,VCBF-BCF,2023-10-05,27960.43
32,VCBF-BCF,2023-10-10,28306.0
32,VCBF-BCF,2023-10-12,28691.86
32,VCBF-BCF,2023-10-17,28360.53
32,VCBF-BCF,2023-10-19,27372.97
32,VCBF-BCF,2023-10-24,27208.64
32,VCBF-BCF,2023-10-26,27282.4
32,VCBF-BCF,2023-10-31,25719.83
32,VCBF-BCF,2023-11-02,25345.86
32,VCBF-BCF,2023-11-07,26671.1
32,VCBF-BCF,2023-11-09,27342.84
32,VCBF-BCF,2023-11-14,27207.98
32,VCBF-BCF,2023-11-16,27662.68
32,VCBF-BCF,2023-11-21,27135.48
32,VCBF-BCF,2023-11-23,27366.86
32,VCBF-BCF,2023-11-28,26638.39
32,VCBF-BCF,2023-11-30,27054.45
32,VCBF-BCF,2023-12-05,27415.25
32,VCBF-BCF,2023-12-07,27526.16
32,VCBF-BCF,2023-12-12,27588.39
32,VCBF-BCF,2023-12-14,27324.77
32,VCBF-BCF,2023-12-19,26815.26
32,VCBF-BCF,2023-12-21,27278.49
32,VCBF-BCF,2023-12-26,27776.15
32,VCBF-BCF,2023-12-28,27889.87
32,VCBF-BCF,2023-12-31,28151.05
32,VCBF-BCF,2024-01-02,28149.36
32,VCBF-BCF,2024-01-04,28455.79
32,VCBF-BCF,2024-01-09,28871.95
32,VCBF-BCF,2024-01-11,28810.99
32,VCBF-BCF,2024-01-16,28689.79
32,VCBF-BCF,2024-01-18,29049.84
32,VCBF-BCF,2024-01-23,29735.4
32,VCBF-BCF,2024-01-25,29579.6
32,VCBF-BCF,2024-01-30,29682.18
32,VCBF-BCF,2024-02-01,29547.49
32,VCBF-BCF,2024-02-06,30404.61
32,VCBF-BCF,2024-02-15,30709.81
32,VCBF-BCF,2024-02-20,31071.72
32,VCBF-BCF,2024-02-22,31188.64
32,VCBF-BCF,2024-02-27,31176.46
32,VCBF-BCF,2024-02-29,31753.68
32,VCBF-BCF,2024-03-05,32183.48
32,VCBF-BCF,2024-03-07,32206.41
32,VCBF-BCF,2024-03-12,31353.73
32,VCBF-BCF,2024-03-14,32394.83
32,VCBF-BCF,2024-03-19,31766.49
32,VCBF-BCF,2024-03-21,32277.8
32,VCBF-BCF,2024-03-26,32289.89
32,VCBF-BCF,2024-03-28,32821.55
32,VCBF-BCF,2024-04-02,32987.54
32,VCBF-BCF,2024-04-04,32510.09
32,VCBF-BCF,2024-04-09,31674.25
32,VCBF-BCF,2024-04-11,32006.19
32,VCBF-BCF,2024-04-16,31020.1
32,VCBF-BCF,2024-04-23,30461.1
32,VCBF-BCF,2024-04-25,31196.02
32,VCBF-BCF,2024-05-02,31321.15
32,VCBF-BCF,2024-05-07,32279.06
32,VCBF-BCF,2024-05-09,32596.53
32,VCBF-BCF,2024-05-14,32278.16
32,VCBF-BCF,2024-05-16,32822.96
32,VCBF-BCF,2024-05-21,33159.5
32,VCBF-BCF,2024-05-23,33188.9
32,VCBF-BCF,2024-05-28,33009.86
32,VCBF-BCF,2024-05-30,32997.79
32,VCBF-BCF,2024-06-04,33534.73
32,VCBF-BCF,2024-06-06,33577.87
32,VCBF-BCF,2024-06-11,33993.48
32,VCBF-BCF,2024-06-13,34514.01
32,VCBF-BCF,2024-06-18,33999.95
32,VCBF-BCF,2024-06-20,34249.37
32,VCBF-BCF,2024-06-25,33548.95
32,VCBF-BCF,2024-06-27,33586.24
32,VCBF-BCF,2024-07-02,33473.78
32,VCBF-BCF,2024-07-04,33877.58
32,VCBF-BCF,2024-07-09,34208.38
32,VCBF-BCF,2024-07-11,34030.9
32,VCBF-BCF,2024-07-16,33756.95
32,VCBF-BCF,2024-07-18,33715.67
32,VCBF-BCF,2024-07-23,33549.71
32,VCBF-BCF,2024-07-25,32975.41
32,VCBF-BCF,2024-07-30,33233.21
32,VCBF-BCF,2024-08-01,33368.61
32,VCBF-BCF,2024-08-06,31649.68
32,VCBF-BCF,2024-08-08,32294.72
32,VCBF-BCF,2024-08-13,32980.54
32,VCBF-BCF,2024-08-15,32928.63
32,VCBF-BCF,2024-08-20,33905.2
32,VCBF-BCF,2024-08-22,34392.87
32,VCBF-BCF,2024-08-27,34271.76
32,VCBF-BCF,2024-08-29,34307.31
32,VCBF-BCF,2024-09-05,34243.81
32,VCBF-BCF,2024-09-10,33938.05
32,VCBF-BCF,2024-09-12,33755.03
32,VCBF-BCF,2024-09-17,33481.14
32,VCBF-BCF,2024-09-19,34247.19
32,VCBF-BCF,2024-09-24,34591.81
32,VCBF-BCF,2024-09-26,35173.56
32,VCBF-BCF,2024-10-01,35051.24
32,VCBF-BCF,2024-10-03,35037.08
32,VCBF-BCF,2024-10-08,34621.31
32,VCBF-BCF,2024-10-10,34975.63
32,VCBF-BCF,2024-10-15,35147.11
32,VCBF-BCF,2024-10-17,35042.9
32,VCBF-BCF,2024-10-22,35069.78
32,VCBF-BCF,2024-10-24,34908.98
32,VCBF-BCF,2024-10-29,34534.39
32,VCBF-BCF,2024-10-31,34760.37
32,VCBF-BCF,2024-11-05,34441.66
32,VCBF-BCF,2024-11-07,34873.18
32,VCBF-BCF,2024-11-12,34714.72
32,VCBF-BCF,2024-11-14,34605.45
32,VCBF-BCF,2024-11-19,33717.01
32,VCBF-BCF,2024-11-21,33655.65
32,VCBF-BCF,2024-11-26,34203.59
32,VCBF-BCF,2024-11-28,34450.05
32,VCBF-BCF,2024-12-03,34815.79
32,VCBF-BCF,2024-12-05,34573.61
32,VCBF-BCF,2024-12-10,35403.43
32,VCBF-BCF,2024-12-12,35299.98
32,VCBF-BCF,2024-12-17,35269.3
32,VCBF-BCF,2024-12-19,35238.85
32,VCBF-BCF,2024-12-24,35242.29
32,VCBF-BCF,2024-12-26,35759.41
32,VCBF-BCF,2024-12-31,35840.2
32,VCBF-BCF,2025-01-02,35759.89
32,VCBF-BCF,2025-01-07,35043.08
32,VCBF-BCF,2025-01-09,35161.44
32,VCBF-BCF,2025-01-14,34792.56
32,VCBF-BCF,2025-01-16,34673.13
32,VCBF-BCF,2025-01-21,35191.04
32,VCBF-BCF,2025-01-23,35132.43
32,VCBF-BCF,2025-02-04,35228.76
32,VCBF-BCF,2025-02-06,35704.34
32,VCBF-BCF,2025-02-11,35557.07
32,VCBF-BCF,2025-02-13,35616.15
32,VCBF-BCF,2025-02-18,35384.36
32,VCBF-BCF,2025-02-20,35795.24
32,VCBF-BCF,2025-02-25,36270.97
32,VCBF-BCF,2025-02-27,36202.2
32,VCBF-BCF,2025-03-04,36224.0
32,VCBF-BCF,2025-03-06,36166.3
32,VCBF-BCF,2025-03-11,36774.07
32,VCBF-BCF,2025-03-13,36530.18
32,VCBF-BCF,2025-03-18,36060.89
32,VCBF-BCF,2025-03-20,35567.93
32,VCBF-BCF,2025-03-25,35878.15
32,VCBF-BCF,2025-03-27,35595.62
32,VCBF-BCF,2025-04-01,35118.74
32,VCBF-BCF,2025-04-03,35310.06
32,VCBF-BCF,2025-04-08,32260.9
32,VCBF-BCF,2025-04-10,29253.38
32,VCBF-BCF,2025-04-15,33251.78
32,VCBF-BCF,2025-04-17,32402.54
32,VCBF-BCF,2025-04-22,32567.11
32,VCBF-BCF,2025-04-24,32813.08
32,VCBF-BCF,2025-04-29,33284.82
32,VCBF-BCF,2025-05-06,33640.85
32,VCBF-BCF,2025-05-08,33671.91
32,VCBF-BCF,2025-05-13,34669.1
32,VCBF-BCF,2025-05-15,35673.89
32,VCBF-BCF,2025-05-20,35122.67
32,VCBF-BCF,2025-05-22,35791.87
32,VCBF-BCF,2025-05-27,35865.72
32,VCBF-BCF,2025-05-29,36130.3
32,VCBF-BCF,2025-06-03,35703.85
32,VCBF-BCF,2025-06-05,35940.93
32,VCBF-BCF,2025-06-10,35248.86
32,VCBF-BCF,2025-06-12,35557.64
32,VCBF-BCF,2025-06-17,36506.19
32,VCBF-BCF,2025-06-19,36573.99
32,VCBF-BCF,2025-06-24,36688.17
32,VCBF-BCF,2025-06-26,36881.12
32,VCBF-BCF,2025-07-01,37346.48
32,VCBF-BCF,2025-07-03,37577.4
32,VCBF-BCF,2025-07-08,38152.89
32,VCBF-BCF,2025-07-10,38650.06
32,VCBF-BCF,2025-07-15,39363.55
32,VCBF-BCF,2025-07-17,39416.92
32,VCBF-BCF,2025-07-22,39453.18
32,VCBF-BCF,2025-07-24,39840.13
32,VCBF-BCF,2025-07-29,40542.73
32,VCBF-BCF,2025-07-31,39394.55
32,VCBF-BCF,2025-08-05,39729.75
32,VCBF-BCF,2025-08-07,41222.42
32,VCBF-BCF,2025-08-12,41924.69
32,VCBF-BCF,2025-08-14,42495.48
32,VCBF-BCF,2025-08-19,42843.74
32,VCBF-BCF,2025-08-21,43030.48
32,VCBF-BCF,2025-08-26,41666.91
32,VCBF-BCF,2025-08-28,43396.17
32,VCBF-BCF,2025-09-04,43869.99
32,VCBF-BCF,2025-09-09,42633.08
32,VCBF-BCF,2025-09-11,42940.92
32,VCBF-BCF,2025-09-16,43968.65
32,VCBF-BCF,2025-09-18,43728.68
32,VCBF-BCF,2025-09-23,42602.04
32,VCBF-BCF,2025-09-25,43290.75
32,VCBF-BCF,2025-09-30,42960.77
32,VCBF-BCF,2025-10-02,43029.06
32,VCBF-BCF,2025-10-07,43736.59
32,VCBF-BCF,2025-10-09,43744.08
32,VCBF-BCF,2025-10-14,44822.36
32,VCBF-BCF,2025-10-16,44245.94
32,VCBF-BCF,2025-10-21,41687.62
32,VCBF-BCF,2025-10-23,42903.41
32,VCBF-BCF,2025-10-28,42410.42
32,VCBF-BCF,2025-10-30,43499.23
32,VCBF-BCF,2025-11-04,42434.36
32,VCBF-BCF,2025-11-06,42943.94
32,VCBF-BCF,2025-11-11,41339.58
32,VCBF-BCF,2025-11-13,42573.82
32,VCBF-BCF,2025-11-18,42853.39
32,VCBF-BCF,2025-11-20,42719.09
32,VCBF-BCF,2025-11-25,42555.42
32,VCBF-BCF,2025-11-27,42526.65
32,VCBF-BCF,2025-12-01,42500.59
32,VCBF-BCF,2025-12-02,42587.2
32,VCBF-BCF,2025-12-03,42831.68
32,VCBF-BCF,2025-12-04,43570.17
32,VCBF-BCF,2025-12-05,43835.21
32,VCBF-BCF,2025-12-08,43533.87
32,VCBF-BCF,2025-12-09,43528.33
32,VCBF-BCF,2025-12-10,43147.8
32,VCBF-BCF,2025-12-11,42947.69
32,VCBF-BCF,2025-12-12,42668.67
32,VCBF-BCF,2025-12-15,41525.45
32,VCBF-BCF,2025-12-16,41593.98
32,VCBF-BCF,2025-12-17,42435.67
32,VCBF-BCF,2025-12-18,42257.26
32,VCBF-BCF,2025-12-19,42250.79
32,VCBF-BCF,2025-12-22,42543.67
32,VCBF-BCF,2025-12-23,43387.52
32,VCBF-BCF,2025-12-24,43605.86
32,VCBF-BCF,2025-12-25,43893.05
32,VCBF-BCF,2025-12-26,43224.28
32,VCBF-BCF,2025-12-29,43108.42
32,VCBF-BCF,2025-12-30,43680.69
32,VCBF-BCF,2025-12-31,43954.27
32,VCBF-BCF,2026-01-05,43920.55
32,VCBF-BCF,2026-01-06,43925.82
32,VCBF-BCF,2026-01-07,44404.32
32,VCBF-BCF,2026-01-08,45145.31
32,VCBF-BCF,2026-01-09,45025.68
32,VCBF-BCF,2026-01-12,45255.99
32,VCBF-BCF,2026-01-13,46131.93
32,VCBF-BCF,2026-01-14,46355.12
32,VCBF-BCF,2026-01-15,46464.36
32,VCBF-BCF,2026-01-16,46365.34
32,VCBF-BCF,2026-01-19,46776.65
32,VCBF-BCF,2026-01-20,47032.16
32,VCBF-BCF,2026-01-21,46945.43
32,VCBF-BCF,2026-01-22,46812.49
32,VCBF-BCF,2026-01-23,46881.41
32,VCBF-BCF,2026-01-26,46378.62
32,VCBF-BCF,2026-01-27,45656.32
32,VCBF-BCF,2026-01-28,45787.19
32,VCBF-BCF,2026-01-29,46004.79
32,VCBF-BCF,2026-01-30,46680.32
32,VCBF-BCF,2026-02-02,47116.92
32,VCBF-BCF,2026-02-03,47114.47
32,VCBF-BCF,2026-02-04,47456.74
32,VCBF-BCF,2026-02-05,47537.11
32,VCBF-BCF,2026-02-06,46579.63
32,VCBF-BCF,2026-02-09,45832.41
32,VCBF-BCF,2026-02-10,45918.69
32,VCBF-BCF,2026-02-11,45578.66
32,VCBF-BCF,2026-02-12,46570.05
32,VCBF-BCF,2026-02-13,46675.21
32,VCBF-BCF,2026-02-23,46696.24
32,VCBF-BCF,2026-02-24,47212.67
32,VCBF-BCF,2026-02-25,47321.02
32,VCBF-BCF,2026-02-26,47613.36
32,VCBF-BCF,2026-02-27,47688.98
32,VCBF-BCF,2026-03-02,47473.97
32,VCBF-BCF,2026-03-03,46682.72
32,VCBF-BCF,2026-03-04,45911.02
32,VCBF-BCF,2026-03-05,45658.34
32,VCBF-BCF,2026-03-06,45113.62
32,VCBF-BCF,2026-03-09,44501.19
32,VCBF-BCF,2026-03-10,41605.7
32,VCBF-BCF,2026-03-11,43244.01
32,VCBF-BCF,2026-03-12,44422.18
32,VCBF-BCF,2026-03-13,43691.42
32,VCBF-BCF,2026-03-16,43523.2
32,VCBF-BCF,2026-03-17,43656.82
32,VCBF-BCF,2026-03-18,44058.33
32,VCBF-BCF,2026-03-19,43977.43
32,VCBF-BCF,2026-03-20,43685.66
32,VCBF-BCF,2026-03-23,42922.26
32,VCBF-BCF,2026-03-24,41614.99
32,VCBF-BCF,2026-03-25,42688.28
32,VCBF-BCF,2026-03-26,43840.67
32,VCBF-BCF,2026-03-27,43324.31
32,VCBF-BCF,2026-03-30,44044.61
32,VCBF-BCF,2026-03-31,43805.75
32,VCBF-BCF,2026-04-01,44069.75
32,VCBF-BCF,2026-04-02,44443.96
32,VCBF-BCF,2026-04-03,44083.36
32,VCBF-BCF,2026-04-06,43558.17
32,VCBF-BCF,2026-04-07,43142.87
32,VCBF-BCF,2026-04-08,43060.68
32,VCBF-BCF,2026-04-09,44982.52
32,VCBF-BCF,2026-04-10,44714.11
32,VCBF-BCF,2026-04-13,44814.87
32,VCBF-BCF,2026-04-14,44653.73
32,VCBF-BCF,2026-04-15,44883.66
32,VCBF-BCF,2026-04-16,44734.21
32,VCBF-BCF,2026-04-17,44625.46
32,VCBF-BCF,2026-04-20,45017.82
32,VCBF-BCF,2026-04-21,45377.23
32,VCBF-BCF,2026-04-22,45042.82
32,VCBF-BCF,2026-04-23,44946.28
32,VCBF-BCF,2026-04-24,44849.87
32,VCBF-BCF,2026-04-28,44578.37
32,VCBF-BCF,2026-04-29,44551.48
32,VCBF-BCF,2026-05-04,44473.49
32,VCBF-BCF,2026-05-05,44447.04
32,VCBF-BCF,2026-05-06,44462.89
32,VCBF-BCF,2026-05-07,44900.5
32,VCBF-BCF,2026-05-08,45032.55
32,VCBF-BCF,2026-05-11,44849.16
32,VCBF-BCF,2026-05-12,44322.39
32,VCBF-BCF,2026-05-13,44496.45
32,VCBF-BCF,2026-05-14,44540.79
32,VCBF-BCF,2026-05-15,44930.33
32,VCBF-BCF,2026-05-18,44617.91
32,VCBF-BCF,2026-05-19,44610.81
32,VCBF-BCF,2026-05-20,44270.08
32,VCBF-BCF,2026-05-21,44142.07
32,VCBF-BCF,2026-05-22,44201.23
32,VCBF-BCF,2026-05-25,43937.1
32,VCBF-BCF,2026-05-26,43934.17
32,VCBF-BCF,2026-05-27,44300.68
32,VCBF-BCF,2026-05-28,44247.43
32,VCBF-BCF,2026-05-29,43824.26
32,VCBF-BCF,2026-06-01,43685.89
32,VCBF-BCF,2026-06-02,43682.49
32,VCBF-BCF,2026-06-03,43292.6
32,VCBF-BCF,2026-06-04,43746.63
32,VCBF-BCF,2026-06-05,43861.38
32,VCBF-BCF,2026-06-08,43712.63
32,VCBF-BCF,2026-06-09,42878.41
32,VCBF-BCF,2026-06-10,43214.15
32,VCBF-BCF,2026-06-11,43314.0
32,VCBF-BCF,2026-06-12,43122.23
32,VCBF-BCF,2026-06-15,42988.54
32,VCBF-BCF,2026-06-16,43603.4
32,VCBF-BCF,2026-06-17,43748.07
32,VCBF-BCF,2026-06-18,43765.75
32,VCBF-BCF,2026-06-19,43685.82
32,VCBF-BCF,2026-06-22,43415.21
32,VCBF-BCF,2026-06-23,43364.75
32,VCBF-BCF,2026-06-24,43211.17
32,VCBF-BCF,2026-06-25,43284.29
32,VCBF-BCF,2026-06-26,43191.81
32,VCBF-BCF,2026-06-29,43322.52
32,VCBF-BCF,2026-06-30,43626.22
32,VCBF-BCF,2026-07-01,43501.31
32,VCBF-BCF,2026-07-02,43962.24
32,VCBF-BCF,2026-07-03,43896.2
32,VCBF-BCF,2026-07-06,43547.06
32,VCBF-BCF,2026-07-07,42952.21
32,VCBF-BCF,2026-07-08,42936.14
32,VCBF-BCF,2026-07-09,43136.11
32,VCBF-BCF,2026-07-10,42810.18
32,VCBF-BCF,2026-07-13,42273.97
32,VCBF-BCF,2026-07-14,41723.89
32,VCBF-BCF,2026-07-15,42059.23
32,VCBF-BCF,2026-07-16,41370.85
32,VCBF-BCF,2026-07-17,41669.88
32,VCBF-BCF,2026-07-20,41470.28
32,VCBF-BCF,2026-07-21,40209.81
32,VCBF-BCF,2026-07-22,39971.13
32,VCBF-BCF,2026-07-23,38926.02
32,VCBF-BCF,2026-07-24,39048.7
32,VCBF-BCF,2026-07-27,38637.58
32,VCBF-BCF,2026-07-28,38110.75
32,VCBF-BCF,2026-07-29,38626.57
32,VCBF-BCF,2026-07-30,39041.91
32,VCBF-BCF,2026-07-31,39950.11
32,VCBF-BCF,2026-08-03,39809.35
32,VCBF-BCF,2026-08-04,41057.35
32,VCBF-BCF,2026-08-05,41223.17
32,VCBF-BCF,2026-08-06,41156.34
32,VCBF-BCF,2026-08-07,40789.29
32,VCBF-BCF,2026-08-10,41230.19
32,VCBF-BCF,2026-08-11,41791.93
32,VCBF-BCF,2026-08-12,41662.66
32,VCBF-BCF,2026-08-13,41850.71
32,VCBF-BCF,2026-08-14,41536.04
32,VCBF-BCF,2026-08-17,41066.64
32,VCBF-BCF,2026-08-18,41243.13
32,VCBF-BCF,2026-08-19,41155.0
32,VCBF-BCF,2026-08-20,41086.53
32,VCBF-BCF,2026-08-21,41404.12
32,VCBF-BCF,2026-08-24,42292.12
32,VCBF-BCF,2026-08-25,42457.18
32,VCBF-BCF,2026-08-26,42125.75
32,VCBF-BCF,2026-08-27,42638.27
32,VCBF-BCF,2026-08-28,42753.74
32,VCBF-BCF,2026-09-03,42724.63
32,VCBF-BCF,2026-09-04,41990.46
32,VCBF-BCF,2026-09-07,42252.02
32,VCBF-BCF,2026-09-08,41768.19
32,VCBF-BCF,2026-09-09,41796.41
32,VCBF-BCF,2026-09-10,41815.84
32,VCBF-BCF,2026-09-11,41910.19
32,VCBF-BCF,2026-09-14,41179.44
32,VCBF-BCF,2026-09-15,41136.44
32,VCBF-BCF,2026-09-16,41710.95
32,VCBF-BCF,2026-09-17,41746.28
32,VCBF-BCF,2026-09-18,42060.81
32,VCBF-BCF,2026-09-21,41712.25
32,VCBF-BCF,2026-09-22,41774.98
32,VCBF-BCF,2026-09-23,41817.59
32,VCBF-BCF,2026-09-24,41791.71
32,VCBF-BCF,2026-09-25,41392.18
32,VCBF-BCF,2026-09-28,41316.88
32,VCBF-BCF,2026-09-29,41085.57
32,VCBF-BCF,2026-09-30,41026.3
32,VCBF-BCF,2026-10-01,40892.58
32,VCBF-BCF,2026-10-02,40844.43
32,VCBF-BCF,2026-10-05,40443.04
32,VCBF-BCF,2026-10-06,40534.54
21,VFF,2020-01-07,16800.36
21,VFF,2020-01-14,16817.16
21,VFF,2020-01-21,16836.98
21,VFF,2020-02-04,16863.87
21,VFF,2020-02-11,16876.61
21,VFF,2020-02-18,16906.96
21,VFF,2020-02-25,16904.04
21,VFF,2020-03-03,16946.49
21,VFF,2020-03-10,16913.37
21,VFF,2020-03-17,16892.63
21,VFF,2020-03-24,16888.46
21,VFF,2020-03-31,16885.71
21,VFF,2020-04-07,16934.89
21,VFF,2020-04-14,16955.93
21,VFF,2020-04-21,16995.14
21,VFF,2020-04-28,16972.88
21,VFF,2020-05-05,16981.42
21,VFF,2020-05-12,17024.03
21,VFF,2020-05-19,17084.12
21,VFF,2020-05-26,17063.99
21,VFF,2020-06-02,17126.54
21,VFF,2020-06-09,17145.13
21,VFF,2020-06-16,17170.99
21,VFF,2020-06-23,17183.62
21,VFF,2020-06-30,17226.27
21,VFF,2020-07-07,17248.56
21,VFF,2020-07-14,17253.03
21,VFF,2020-07-21,17271.47
21,VFF,2020-07-28,17288.83
21,VFF,2020-08-04,17309.58
21,VFF,2020-08-11,17329.01
21,VFF,2020-08-18,17352.1
21,VFF,2020-08-25,17368.3
21,VFF,2020-09-01,17387.57
21,VFF,2020-09-08,17370.5
21,VFF,2020-09-15,17421.19
21,VFF,2020-09-22,17439.98
21,VFF,2020-09-29,17452.76
21,VFF,2020-10-06,17468.29
21,VFF,2020-10-13,17528.22
21,VFF,2020-10-20,17559.06
21,VFF,2020-10-27,17582.86
21,VFF,2020-11-03,17594.23
21,VFF,2020-11-03,17594.23
21,VFF,2020-11-10,17616.74
21,VFF,2020-11-10,17616.74
21,VFF,2020-11-17,17637.94
21,VFF,2020-11-24,17687.52
21,VFF,2020-12-01,17691.76
21,VFF,2020-12-08,17687.93
21,VFF,2020-12-15,17720.38
21,VFF,2020-12-22,17743.16
21,VFF,2020-12-29,17751.77
21,VFF,2021-01-05,17774.94
21,VFF,2021-01-12,17793.93
21,VFF,2021-01-19,17818.85
21,VFF,2021-01-26,17842.03
21,VFF,2021-02-02,17846.83
21,VFF,2021-02-09,17875.28
21,VFF,2021-02-23,17910.8
21,VFF,2021-03-02,17926.59
21,VFF,2021-03-09,17963.32
21,VFF,2021-03-16,17959.01
21,VFF,2021-03-23,17994.57
21,VFF,2021-03-30,18004.53
21,VFF,2021-04-06,18004.18
21,VFF,2021-04-13,18008.36
21,VFF,2021-04-20,18057.7
21,VFF,2021-04-27,18090.76
21,VFF,2021-05-04,18107.94
21,VFF,2021-05-06,18107.94
21,VFF,2021-05-11,18183.11
21,VFF,2021-05-18,18188.58
21,VFF,2021-05-25,18210.59
21,VFF,2021-06-01,18225.63
21,VFF,2021-06-08,18291.44
21,VFF,2021-06-15,18276.88
21,VFF,2021-06-22,18321.02
21,VFF,2021-06-29,18315.16
21,VFF,2021-07-06,18359.17
21,VFF,2021-07-13,18379.41
21,VFF,2021-07-20,18415.45
21,VFF,2021-07-27,18432.47
21,VFF,2021-08-03,18452.5
21,VFF,2021-08-10,18473.64
21,VFF,2021-08-17,18539.15
21,VFF,2021-08-24,18563.64
21,VFF,2021-08-31,18591.21
21,VFF,2021-09-07,18621.99
21,VFF,2021-09-09,18618.15
21,VFF,2021-09-14,18650.1
21,VFF,2021-09-16,18641.09
21,VFF,2021-09-21,18645.89
21,VFF,2021-09-23,18653.69
21,VFF,2021-09-28,18697.08
21,VFF,2021-09-30,18705.87
21,VFF,2021-10-05,18721.0
21,VFF,2021-10-07,18727.91
21,VFF,2021-10-12,18745.71
21,VFF,2021-10-14,18752.62
21,VFF,2021-10-19,18769.51
21,VFF,2021-10-21,18781.05
21,VFF,2021-10-26,18799.15
21,VFF,2021-10-28,18802.01
21,VFF,2021-11-02,18820.77
21,VFF,2021-11-04,18828.37
21,VFF,2021-11-09,18852.11
21,VFF,2021-11-11,18861.69
21,VFF,2021-11-16,18872.84
21,VFF,2021-11-18,18901.73
21,VFF,2021-11-23,18913.4
21,VFF,2021-11-25,18921.37
21,VFF,2021-11-30,18933.41
21,VFF,2021-12-02,18940.59
21,VFF,2021-12-07,18963.62
21,VFF,2021-12-09,18983.7
21,VFF,2021-12-14,19000.93
21,VFF,2021-12-16,19008.88
21,VFF,2021-12-21,19047.73
21,VFF,2021-12-23,19076.11
21,VFF,2021-12-28,19095.07
21,VFF,2021-12-30,19103.17
21,VFF,2022-01-04,19122.11
21,VFF,2022-01-06,19131.41
21,VFF,2022-01-11,19164.58
21,VFF,2022-01-13,19179.4
21,VFF,2022-01-18,19193.83
21,VFF,2022-01-20,19201.4
21,VFF,2022-01-25,19228.98
21,VFF,2022-01-27,19242.63
21,VFF,2022-02-08,19288.62
21,VFF,2022-02-10,19301.06
21,VFF,2022-02-15,19323.76
21,VFF,2022-02-17,19316.68
21,VFF,2022-02-22,19340.53
21,VFF,2022-02-24,19350.69
21,VFF,2022-03-01,19375.66
21,VFF,2022-03-03,19385.37
21,VFF,2022-03-08,19392.07
21,VFF,2022-03-10,19414.24
21,VFF,2022-03-15,19425.58
21,VFF,2022-03-17,19454.54
21,VFF,2022-03-22,19463.01
21,VFF,2022-03-24,19483.16
21,VFF,2022-03-29,19501.74
21,VFF,2022-03-31,19514.75
21,VFF,2022-04-05,19544.89
21,VFF,2022-04-07,19544.57
21,VFF,2022-04-12,19573.68
21,VFF,2022-04-14,19575.47
21,VFF,2022-04-19,19584.85
21,VFF,2022-04-21,19606.9
21,VFF,2022-04-26,19598.01
21,VFF,2022-04-28,19636.17
21,VFF,2022-05-05,19691.77
21,VFF,2022-05-10,19722.58
21,VFF,2022-05-12,19715.22
21,VFF,2022-05-17,19723.99
21,VFF,2022-05-19,19732.09
21,VFF,2022-05-24,19740.13
21,VFF,2022-05-26,19752.82
21,VFF,2022-05-31,19792.8
21,VFF,2022-06-02,19802.44
21,VFF,2022-06-07,19823.7
21,VFF,2022-06-09,19832.09
21,VFF,2022-06-14,19848.76
21,VFF,2022-06-16,19841.49
21,VFF,2022-06-21,19859.67
21,VFF,2022-06-23,19866.46
21,VFF,2022-06-28,19883.59
21,VFF,2022-06-30,19890.57
21,VFF,2022-07-05,19908.33
21,VFF,2022-07-07,19916.7
21,VFF,2022-07-12,19935.46
21,VFF,2022-07-14,19943.24
21,VFF,2022-07-19,19961.56
21,VFF,2022-07-21,19968.59
21,VFF,2022-07-26,19986.65
21,VFF,2022-07-28,19996.06
21,VFF,2022-08-02,20015.36
21,VFF,2022-08-04,20023.19
21,VFF,2022-08-09,20042.93
21,VFF,2022-08-11,20051.41
21,VFF,2022-08-16,20070.61
21,VFF,2022-08-18,20077.55
21,VFF,2022-08-23,20097.98
21,VFF,2022-08-25,20106.45
21,VFF,2022-08-30,20127.82
21,VFF,2022-09-06,20159.05
21,VFF,2022-09-08,20167.43
21,VFF,2022-09-13,20187.68
21,VFF,2022-09-15,20197.35
21,VFF,2022-09-20,20217.82
21,VFF,2022-09-22,20227.14
21,VFF,2022-09-27,20247.9
21,VFF,2022-09-29,20260.82
21,VFF,2022-10-04,20282.59
21,VFF,2022-10-06,20290.15
21,VFF,2022-10-11,20308.03
21,VFF,2022-10-13,20317.67
21,VFF,2022-10-18,20340.95
21,VFF,2022-10-20,20349.65
21,VFF,2022-10-25,20370.71
21,VFF,2022-10-27,20379.32
21,VFF,2022-11-01,20399.54
21,VFF,2022-11-03,20408.36
21,VFF,2022-11-08,20432.04
21,VFF,2022-11-10,20441.04
21,VFF,2022-11-15,20463.24
21,VFF,2022-11-17,20472.44
21,VFF,2022-11-22,20495.15
21,VFF,2022-11-24,20504.6
21,VFF,2022-11-29,20551.07
21,VFF,2022-12-01,20560.56
21,VFF,2022-12-06,20570.75
21,VFF,2022-12-08,20579.46
21,VFF,2022-12-13,20601.83
21,VFF,2022-12-15,20611.6
21,VFF,2022-12-20,20615.03
21,VFF,2022-12-22,20620.73
21,VFF,2022-12-27,20634.84
21,VFF,2022-12-29,20638.0
21,VFF,2023-01-03,20651.83
21,VFF,2023-01-05,20661.21
21,VFF,2023-01-10,20685.17
21,VFF,2023-01-12,20694.84
21,VFF,2023-01-17,20720.15
21,VFF,2023-01-19,20730.15
21,VFF,2023-01-31,20790.51
21,VFF,2023-02-02,20800.59
21,VFF,2023-02-07,20825.83
21,VFF,2023-02-09,20831.01
21,VFF,2023-02-14,20855.02
21,VFF,2023-02-16,20864.92
21,VFF,2023-02-21,20890.36
21,VFF,2023-02-23,20899.54
21,VFF,2023-02-28,20924.87
21,VFF,2023-03-02,20931.77
21,VFF,2023-03-07,20956.21
21,VFF,2023-03-09,20966.35
21,VFF,2023-03-14,20991.39
21,VFF,2023-03-16,21002.19
21,VFF,2023-03-21,21028.49
21,VFF,2023-03-23,21037.38
21,VFF,2023-03-28,21049.44
21,VFF,2023-03-30,21060.2
21,VFF,2023-04-04,21077.48
21,VFF,2023-04-06,21087.59
21,VFF,2023-04-11,21112.59
21,VFF,2023-04-13,21122.7
21,VFF,2023-04-18,21147.82
21,VFF,2023-04-20,21158.02
21,VFF,2023-04-25,21183.37
21,VFF,2023-04-27,21193.14
21,VFF,2023-05-04,21228.93
21,VFF,2023-05-09,21254.44
21,VFF,2023-05-11,21264.57
21,VFF,2023-05-16,21288.81
21,VFF,2023-05-18,21341.9
21,VFF,2023-05-23,21351.27
21,VFF,2023-05-25,21359.33
21,VFF,2023-05-30,21374.44
21,VFF,2023-06-01,21387.27
21,VFF,2023-06-06,21389.93
21,VFF,2023-06-08,21400.01
21,VFF,2023-06-13,21396.27
21,VFF,2023-06-15,21407.16
21,VFF,2023-06-20,21400.72
21,VFF,2023-06-22,21410.26
21,VFF,2023-06-27,21435.89
21,VFF,2023-06-29,21436.53
21,VFF,2023-07-04,21458.28
21,VFF,2023-07-06,21424.89
21,VFF,2023-07-11,21449.46
21,VFF,2023-07-13,21448.08
21,VFF,2023-07-18,21476.81
21,VFF,2023-07-20,21487.19
21,VFF,2023-07-25,21513.73
21,VFF,2023-07-27,21524.81
21,VFF,2023-08-01,21548.84
21,VFF,2023-08-03,21556.67
21,VFF,2023-08-08,21583.54
21,VFF,2023-08-10,21595.67
21,VFF,2023-08-15,21622.16
21,VFF,2023-08-17,21632.89
21,VFF,2023-08-22,21660.17
21,VFF,2023-08-24,21671.04
21,VFF,2023-08-29,21698.28
21,VFF,2023-08-31,21709.39
21,VFF,2023-09-05,21736.62
21,VFF,2023-09-07,21747.59
21,VFF,2023-09-12,21775.24
21,VFF,2023-09-14,21786.42
21,VFF,2023-09-19,21795.37
21,VFF,2023-09-21,21805.52
21,VFF,2023-09-26,21830.95
21,VFF,2023-09-28,21841.54
21,VFF,2023-10-03,21868.18
21,VFF,2023-10-05,21878.5
21,VFF,2023-10-10,21904.49
21,VFF,2023-10-12,21915.63
21,VFF,2023-10-17,21940.96
21,VFF,2023-10-19,21950.94
21,VFF,2023-10-24,21972.02
21,VFF,2023-10-26,21981.5
21,VFF,2023-10-31,22010.29
21,VFF,2023-11-02,22019.58
21,VFF,2023-11-07,22044.61
21,VFF,2023-11-09,22054.92
21,VFF,2023-11-14,22080.61
21,VFF,2023-11-16,22090.87
21,VFF,2023-11-21,22115.66
21,VFF,2023-11-23,22125.77
21,VFF,2023-11-28,22149.83
21,VFF,2023-11-30,22159.21
21,VFF,2023-12-05,22182.17
21,VFF,2023-12-07,22194.18
21,VFF,2023-12-12,22215.93
21,VFF,2023-12-14,22224.98
21,VFF,2023-12-19,22246.3
21,VFF,2023-12-21,22254.61
21,VFF,2023-12-26,22275.29
21,VFF,2023-12-28,22284.15
21,VFF,2024-01-02,22306.26
21,VFF,2024-01-04,22314.99
21,VFF,2024-01-09,22335.89
21,VFF,2024-01-11,22344.94
21,VFF,2024-01-16,22399.95
21,VFF,2024-01-18,22406.89
21,VFF,2024-01-23,22428.88
21,VFF,2024-01-25,22438.48
21,VFF,2024-01-30,22458.07
21,VFF,2024-02-01,22467.46
21,VFF,2024-02-06,22491.15
21,VFF,2024-02-15,22535.38
21,VFF,2024-02-20,22555.64
21,VFF,2024-02-22,22564.01
21,VFF,2024-02-27,22584.48
21,VFF,2024-02-29,22591.71
21,VFF,2024-03-05,22611.74
21,VFF,2024-03-07,22619.76
21,VFF,2024-03-12,22632.62
21,VFF,2024-03-14,22639.95
21,VFF,2024-03-19,22658.65
21,VFF,2024-03-21,22666.07
21,VFF,2024-03-26,22683.17
21,VFF,2024-03-28,22691.76
21,VFF,2024-04-02,22710.54
21,VFF,2024-04-04,22717.88
21,VFF,2024-04-09,22730.3
21,VFF,2024-04-11,22739.61
21,VFF,2024-04-16,22756.55
21,VFF,2024-04-23,22781.31
21,VFF,2024-04-25,22789.9
21,VFF,2024-05-02,22813.67
21,VFF,2024-05-07,22829.59
21,VFF,2024-05-09,22836.13
21,VFF,2024-05-14,22852.97
21,VFF,2024-05-16,22859.28
21,VFF,2024-05-21,22877.2
21,VFF,2024-05-23,22886.29
21,VFF,2024-05-28,22902.49
21,VFF,2024-05-30,22908.93
21,VFF,2024-06-04,22924.44
21,VFF,2024-06-06,22930.68
21,VFF,2024-06-11,22949.39
21,VFF,2024-06-13,22956.06
21,VFF,2024-06-18,22976.25
21,VFF,2024-06-20,22983.33
21,VFF,2024-06-25,23004.61
21,VFF,2024-06-27,23011.77
21,VFF,2024-07-02,23029.03
21,VFF,2024-07-04,23037.09
21,VFF,2024-07-09,23057.98
21,VFF,2024-07-11,23065.03
21,VFF,2024-07-16,23083.98
21,VFF,2024-07-18,23092.44
21,VFF,2024-07-23,23111.39
21,VFF,2024-07-25,23122.73
21,VFF,2024-07-30,23140.5
21,VFF,2024-08-01,23151.2
21,VFF,2024-08-06,23170.92
21,VFF,2024-08-08,23176.88
21,VFF,2024-08-13,23203.73
21,VFF,2024-08-15,23211.14
21,VFF,2024-08-20,23230.12
21,VFF,2024-08-22,23235.12
21,VFF,2024-08-27,23255.83
21,VFF,2024-08-29,23263.51
21,VFF,2024-09-05,23292.57
21,VFF,2024-09-10,23314.23
21,VFF,2024-09-12,23322.26
21,VFF,2024-09-17,23343.58
21,VFF,2024-09-19,23351.01
21,VFF,2024-09-24,23371.85
21,VFF,2024-09-26,23381.87
21,VFF,2024-10-01,23390.1
21,VFF,2024-10-03,23398.58
21,VFF,2024-10-08,23418.81
21,VFF,2024-10-10,23427.35
21,VFF,2024-10-15,23445.33
21,VFF,2024-10-17,23453.64
21,VFF,2024-10-22,23474.45
21,VFF,2024-10-24,23482.68
21,VFF,2024-10-29,23502.62
21,VFF,2024-10-31,23511.09
21,VFF,2024-11-05,23531.2
21,VFF,2024-11-07,23539.31
21,VFF,2024-11-12,23559.37
21,VFF,2024-11-14,23567.43
21,VFF,2024-11-19,23587.06
21,VFF,2024-11-21,23595.84
21,VFF,2024-11-26,23631.85
21,VFF,2024-11-28,23640.13
21,VFF,2024-12-03,23660.67
21,VFF,2024-12-05,23668.93
21,VFF,2024-12-10,23689.57
21,VFF,2024-12-12,23698.74
21,VFF,2024-12-17,23719.98
21,VFF,2024-12-19,23757.77
21,VFF,2024-12-24,23785.33
21,VFF,2024-12-26,23792.09
21,VFF,2024-12-31,23835.19
21,VFF,2025-01-02,23843.44
21,VFF,2025-01-07,23862.5
21,VFF,2025-01-09,23870.76
21,VFF,2025-01-14,23890.24
21,VFF,2025-01-16,23899.88
21,VFF,2025-01-21,23920.72
21,VFF,2025-01-23,23929.08
21,VFF,2025-02-04,23979.24
21,VFF,2025-02-06,23988.62
21,VFF,2025-02-11,24008.7
21,VFF,2025-02-13,24017.17
21,VFF,2025-02-18,24038.45
21,VFF,2025-02-20,24046.81
21,VFF,2025-02-25,24067.91
21,VFF,2025-02-27,24073.7
21,VFF,2025-03-04,24093.6
21,VFF,2025-03-06,24102.31
21,VFF,2025-03-11,24121.79
21,VFF,2025-03-13,24129.21
21,VFF,2025-03-18,24150.61
21,VFF,2025-03-20,24158.96
21,VFF,2025-03-25,24179.9
21,VFF,2025-03-27,24189.61
21,VFF,2025-04-01,24209.19
21,VFF,2025-04-03,24217.17
21,VFF,2025-04-08,24238.85
21,VFF,2025-04-10,24247.29
21,VFF,2025-04-15,24269.17
21,VFF,2025-04-17,24278.85
21,VFF,2025-04-22,24300.48
21,VFF,2025-04-24,24309.39
21,VFF,2025-04-29,24330.54
21,VFF,2025-05-06,24362.05
21,VFF,2025-05-08,24370.48
21,VFF,2025-05-13,24392.71
21,VFF,2025-05-15,24402.01
21,VFF,2025-05-20,24423.72
21,VFF,2025-05-22,24432.5
21,VFF,2025-05-27,24454.28
21,VFF,2025-05-29,24464.91
21,VFF,2025-06-03,24485.36
21,VFF,2025-06-05,24493.39
21,VFF,2025-06-10,24515.28
21,VFF,2025-06-12,24522.14
21,VFF,2025-06-17,24543.85
21,VFF,2025-06-19,24553.65
21,VFF,2025-06-24,24575.41
21,VFF,2025-06-26,24583.12
21,VFF,2025-07-01,24604.84
21,VFF,2025-07-03,24613.06
21,VFF,2025-07-08,24634.49
21,VFF,2025-07-10,24643.38
21,VFF,2025-07-15,24662.86
21,VFF,2025-07-17,24670.29
21,VFF,2025-07-22,24691.85
21,VFF,2025-07-24,24702.22
21,VFF,2025-07-29,24723.43
21,VFF,2025-07-31,24732.25
21,VFF,2025-08-05,24754.89
21,VFF,2025-08-07,24763.61
21,VFF,2025-08-12,24784.39
21,VFF,2025-08-14,24789.94
21,VFF,2025-08-19,24808.21
21,VFF,2025-08-21,24816.62
21,VFF,2025-08-26,24838.54
21,VFF,2025-08-28,24848.17
21,VFF,2025-09-04,24877.95
21,VFF,2025-09-09,24897.81
21,VFF,2025-09-11,24906.2
21,VFF,2025-09-16,24927.55
21,VFF,2025-09-18,24936.29
21,VFF,2025-09-23,24957.63
21,VFF,2025-09-25,24965.11
21,VFF,2025-09-30,24986.29
21,VFF,2025-10-02,24993.43
21,VFF,2025-10-07,25011.78
21,VFF,2025-10-09,25019.97
21,VFF,2025-10-14,25040.35
21,VFF,2025-10-16,25048.94
21,VFF,2025-10-21,25069.99
21,VFF,2025-10-23,25078.43
21,VFF,2025-10-28,25098.74
21,VFF,2025-10-30,25107.03
21,VFF,2025-11-04,25128.58
21,VFF,2025-11-06,25137.93
21,VFF,2025-11-11,25158.08
21,VFF,2025-11-13,25167.13
21,VFF,2025-11-18,25187.64
21,VFF,2025-11-20,25196.16
21,VFF,2025-11-25,25217.35
21,VFF,2025-11-27,25224.64
21,VFF,2025-12-02,25244.42
21,VFF,2025-12-04,25331.96
21,VFF,2025-12-09,25345.26
21,VFF,2025-12-11,25351.88
21,VFF,2025-12-16,25373.05
21,VFF,2025-12-18,25380.37
21,VFF,2025-12-23,25445.01
21,VFF,2025-12-25,25453.68
21,VFF,2025-12-30,25523.61
21,VFF,2026-01-06,25553.86
21,VFF,2026-01-08,25562.1
21,VFF,2026-01-13,25584.0
21,VFF,2026-01-15,25593.04
21,VFF,2026-01-20,25615.63
21,VFF,2026-01-22,25624.81
21,VFF,2026-01-27,25648.02
21,VFF,2026-01-29,25656.9
21,VFF,2026-02-03,25677.8
21,VFF,2026-02-05,25686.86
21,VFF,2026-02-10,25709.69
21,VFF,2026-02-12,25718.87
21,VFF,2026-02-24,25774.97
21,VFF,2026-02-26,25784.2
21,VFF,2026-03-03,25807.41
21,VFF,2026-03-05,25816.84
21,VFF,2026-03-10,25841.68
21,VFF,2026-03-12,25850.11
21,VFF,2026-03-17,25857.51
21,VFF,2026-03-19,25867.23
21,VFF,2026-03-24,25893.87
21,VFF,2026-03-26,25900.81
21,VFF,2026-03-31,25925.73
21,VFF,2026-04-02,25933.12
21,VFF,2026-04-07,25958.88
21,VFF,2026-04-09,25970.14
21,VFF,2026-04-14,25993.07
21,VFF,2026-04-16,26003.46
21,VFF,2026-04-21,26029.43
21,VFF,2026-04-23,26040.8
21,VFF,2026-04-28,26064.61
21,VFF,2026-05-05,26102.4
21,VFF,2026-05-07,26116.78
21,VFF,2026-05-12,26139.56
21,VFF,2026-05-14,26152.44
21,VFF,2026-05-19,26178.67
21,VFF,2026-05-21,26183.68
21,VFF,2026-05-26,26205.91
21,VFF,2026-05-28,26221.62
21,VFF,2026-06-02,26248.5
21,VFF,2026-06-04,26252.29
21,VFF,2026-06-09,26275.01
21,VFF,2026-06-11,26277.7
21,VFF,2026-06-16,26309.59
21,VFF,2026-06-18,26324.6
21,VFF,2026-06-23,26346.24
21,VFF,2026-06-25,26362.43
21,VFF,2026-06-30,26380.73
21,VFF,2026-07-02,26410.47
21,VFF,2026-07-07,26425.45
21,VFF,2026-07-09,26434.27
21,VFF,2026-07-14,26461.55
21,VFF,2026-07-16,26476.13
21,VFF,2026-07-21,26500.61
21,VFF,2026-07-23,26515.85
21,VFF,2026-07-28,26565.13
21,VFF,2026-07-30,26573.77
21,VFF,2026-08-04,26604.64
21,VFF,2026-08-06,26608.01
21,VFF,2026-08-11,26648.89
21,VFF,2026-08-13,26651.67
21,VFF,2026-08-18,26675.97
21,VFF,2026-08-20,26684.55
21,VFF,2026-08-25,26722.34
21,VFF,2026-08-27,26735.39
21,VFF,2026-09-03,26760.43
21,VFF,2026-09-08,26797.65
21,VFF,2026-09-10,26809.28
21,VFF,2026-09-15,26832.12
21,VFF,2026-09-17,26852.22
21,VFF,2026-09-22,26886.29
21,VFF,2026-09-24,26906.29
21,VFF,2026-09-29,26957.59
21,VFF,2026-10-01,26968.62
21,VFF,2026-10-06,27034.63
23,VESAF,2020-01-07,12385.26
23,VESAF,2020-01-14,12411.16
23,VESAF,2020-01-21,12586.01
23,VESAF,2020-02-04,11808.51
23,VESAF,2020-02-11,11845.61
23,VESAF,2020-02-18,12134.97
23,VESAF,2020-02-25,11707.81
23,VESAF,2020-02-29,11833.22
23,VESAF,2020-03-03,11889.68
23,VESAF,2020-03-10,11192.25
23,VESAF,2020-03-17,10091.24
23,VESAF,2020-03-24,9483.46
23,VESAF,2020-03-31,9053.08
23,VESAF,2020-04-07,9870.28
23,VESAF,2020-04-14,10003.13
23,VESAF,2020-04-21,10454.07
23,VESAF,2020-04-28,10347.99
23,VESAF,2020-05-05,10321.7
23,VESAF,2020-05-12,10792.47
23,VESAF,2020-05-19,10969.49
23,VESAF,2020-05-26,11099.98
23,VESAF,2020-06-02,11261.27
23,VESAF,2020-06-09,11613.48
23,VESAF,2020-06-16,10968.62
23,VESAF,2020-06-23,11342.46
23,VESAF,2020-06-30,10966.71
23,VESAF,2020-07-07,11278.62
23,VESAF,2020-07-14,11416.57
23,VESAF,2020-07-21,11474.22
23,VESAF,2020-07-28,10512.34
23,VESAF,2020-08-04,11010.27
23,VESAF,2020-08-11,11289.08
23,VESAF,2020-08-18,11547.45
23,VESAF,2020-08-25,11990.42
23,VESAF,2020-09-01,12155.42
23,VESAF,2020-09-08,12088.04
23,VESAF,2020-09-15,12393.52
23,VESAF,2020-09-22,12667.86
23,VESAF,2020-09-29,12848.74
23,VESAF,2020-10-06,13016.03
23,VESAF,2020-10-13,12960.73
23,VESAF,2020-10-20,13211.94
23,VESAF,2020-10-27,13200.78
23,VESAF,2020-11-03,13013.41
23,VESAF,2020-11-03,13013.41
23,VESAF,2020-11-10,13368.31
23,VESAF,2020-11-10,13368.31
23,VESAF,2020-11-17,13597.28
23,VESAF,2020-11-24,14133.12
23,VESAF,2020-12-01,14349.84
23,VESAF,2020-12-08,14521.4
23,VESAF,2020-12-15,14879.95
23,VESAF,2020-12-22,15265.45
23,VESAF,2020-12-29,15364.78
23,VESAF,2021-01-05,16015.3
23,VESAF,2021-01-12,16832.98
23,VESAF,2021-01-19,17248.71
23,VESAF,2021-01-26,17222.75
23,VESAF,2021-02-02,15445.52
23,VESAF,2021-02-09,16411.38
23,VESAF,2021-02-23,17805.66
23,VESAF,2021-03-02,18066.97
23,VESAF,2021-03-09,17882.86
23,VESAF,2021-03-16,18294.26
23,VESAF,2021-03-23,18518.92
23,VESAF,2021-03-30,18024.5
23,VESAF,2021-04-06,18574.34
23,VESAF,2021-04-13,18887.99
23,VESAF,2021-04-20,18640.68
23,VESAF,2021-04-27,18267.81
23,VESAF,2021-05-04,18677.81
23,VESAF,2021-05-11,19437.96
23,VESAF,2021-05-18,19619.26
23,VESAF,2021-05-25,20505.62
23,VESAF,2021-06-01,21319.05
23,VESAF,2021-06-08,21580.88
23,VESAF,2021-06-15,21875.66
23,VESAF,2021-06-22,22301.34
23,VESAF,2021-06-29,22688.0
23,VESAF,2021-07-06,22989.39
23,VESAF,2021-07-13,21249.88
23,VESAF,2021-07-20,20745.14
23,VESAF,2021-07-27,21695.85
23,VESAF,2021-08-03,22450.48
23,VESAF,2021-08-10,23477.65
23,VESAF,2021-08-17,23935.69
23,VESAF,2021-08-24,22688.32
23,VESAF,2021-08-31,23742.91
23,VESAF,2021-09-01,23773.96
23,VESAF,2021-09-06,23902.22
23,VESAF,2021-09-07,24073.83
23,VESAF,2021-09-08,23913.44
23,VESAF,2021-09-09,23828.46
23,VESAF,2021-09-10,24186.42
23,VESAF,2021-09-13,24202.52
23,VESAF,2021-09-14,24042.82
23,VESAF,2021-09-15,23984.78
23,VESAF,2021-09-16,24207.99
23,VESAF,2021-09-17,24433.2
23,VESAF,2021-09-20,24614.5
23,VESAF,2021-09-21,24444.64
23,VESAF,2021-09-22,24424.72
23,VESAF,2021-09-23,24672.91
23,VESAF,2021-09-24,24634.07
23,VESAF,2021-09-27,24483.89
23,VESAF,2021-09-28,23982.1
23,VESAF,2021-09-29,24433.17
23,VESAF,2021-09-30,24594.33
23,VESAF,2021-10-01,24646.32
23,VESAF,2021-10-04,24546.93
23,VESAF,2021-10-05,24854.42
23,VESAF,2021-10-06,24972.98
23,VESAF,2021-10-07,25189.14
23,VESAF,2021-10-08,25309.17
23,VESAF,2021-10-11,25496.31
23,VESAF,2021-10-12,25696.13
23,VESAF,2021-10-13,25694.8
23,VESAF,2021-10-14,25731.29
23,VESAF,2021-10-15,25734.83
23,VESAF,2021-10-18,25819.94
23,VESAF,2021-10-19,25838.42
23,VESAF,2021-10-20,25780.9
23,VESAF,2021-10-21,25647.07
23,VESAF,2021-10-22,25659.91
23,VESAF,2021-10-25,25702.78
23,VESAF,2021-10-26,25536.94
23,VESAF,2021-10-27,25808.08
23,VESAF,2021-10-28,26224.43
23,VESAF,2021-10-29,26337.73
23,VESAF,2021-11-01,26300.14
23,VESAF,2021-11-02,26092.02
23,VESAF,2021-11-03,26275.92
23,VESAF,2021-11-04,26043.39
23,VESAF,2021-11-05,26124.27
23,VESAF,2021-11-08,26354.73
23,VESAF,2021-11-09,26523.2
23,VESAF,2021-11-10,26534.81
23,VESAF,2021-11-11,26599.09
23,VESAF,2021-11-12,26486.34
23,VESAF,2021-11-15,26687.04
23,VESAF,2021-11-16,26680.24
23,VESAF,2021-11-17,26599.37
23,VESAF,2021-11-18,26686.18
23,VESAF,2021-11-19,26457.56
23,VESAF,2021-11-22,26006.36
23,VESAF,2021-11-23,25629.34
23,VESAF,2021-11-24,26008.07
23,VESAF,2021-11-25,26408.32
23,VESAF,2021-11-26,26552.58
23,VESAF,2021-11-29,26358.0
23,VESAF,2021-11-30,26315.46
23,VESAF,2021-12-01,26302.98
23,VESAF,2021-12-02,26404.51
23,VESAF,2021-12-03,26287.53
23,VESAF,2021-12-06,25721.62
23,VESAF,2021-12-07,25051.66
23,VESAF,2021-12-08,25576.5
23,VESAF,2021-12-09,25687.91
23,VESAF,2021-12-10,25915.46
23,VESAF,2021-12-13,26027.25
23,VESAF,2021-12-14,26199.24
23,VESAF,2021-12-15,26133.37
23,VESAF,2021-12-16,26102.33
23,VESAF,2021-12-17,26069.54
23,VESAF,2021-12-20,26054.62
23,VESAF,2021-12-21,25833.12
23,VESAF,2021-12-22,25893.47
23,VESAF,2021-12-23,25803.36
23,VESAF,2021-12-27,25749.18
23,VESAF,2021-12-28,25898.18
23,VESAF,2021-12-29,26025.08
23,VESAF,2021-12-30,25948.87
23,VESAF,2021-12-31,26021.65
23,VESAF,2022-01-04,26124.04
23,VESAF,2022-01-05,26436.34
23,VESAF,2022-01-06,26481.67
23,VESAF,2022-01-07,26376.02
23,VESAF,2022-01-10,26334.19
23,VESAF,2022-01-11,26001.88
23,VESAF,2022-01-12,25794.11
23,VESAF,2022-01-13,26071.48
23,VESAF,2022-01-14,25963.91
23,VESAF,2022-01-17,26104.81
23,VESAF,2022-01-18,25179.17
23,VESAF,2022-01-19,25109.43
23,VESAF,2022-01-20,25361.31
23,VESAF,2022-01-21,25727.85
23,VESAF,2022-01-24,25789.0
23,VESAF,2022-01-25,25226.47
23,VESAF,2022-01-26,25816.2
23,VESAF,2022-01-27,25917.32
23,VESAF,2022-01-28,25637.57
23,VESAF,2022-02-07,25909.25
23,VESAF,2022-02-08,26216.82
23,VESAF,2022-02-09,26520.89
23,VESAF,2022-02-10,26667.45
23,VESAF,2022-02-11,26710.38
23,VESAF,2022-02-14,26778.34
23,VESAF,2022-02-15,26370.55
23,VESAF,2022-02-16,26553.51
23,VESAF,2022-02-17,26591.27
23,VESAF,2022-02-18,26853.79
23,VESAF,2022-02-21,26842.2
23,VESAF,2022-02-22,26936.39
23,VESAF,2022-02-23,27002.82
23,VESAF,2022-02-24,27274.61
23,VESAF,2022-02-25,27046.69
23,VESAF,2022-02-28,27130.98
23,VESAF,2022-03-01,27176.57
23,VESAF,2022-03-02,27227.74
23,VESAF,2022-03-03,26953.7
23,VESAF,2022-03-04,27420.48
23,VESAF,2022-03-07,27384.32
23,VESAF,2022-03-08,27286.72
23,VESAF,2022-03-09,26771.37
23,VESAF,2022-03-10,26894.75
23,VESAF,2022-03-11,26891.79
23,VESAF,2022-03-14,26731.15
23,VESAF,2022-03-15,26395.55
23,VESAF,2022-03-16,26557.66
23,VESAF,2022-03-17,26687.61
23,VESAF,2022-03-18,26674.03
23,VESAF,2022-03-21,26763.57
23,VESAF,2022-03-22,27156.73
23,VESAF,2022-03-23,27312.97
23,VESAF,2022-03-24,27466.5
23,VESAF,2022-03-25,27515.09
23,VESAF,2022-03-28,27673.86
23,VESAF,2022-03-29,27869.55
23,VESAF,2022-03-30,28293.02
23,VESAF,2022-03-31,28195.06
23,VESAF,2022-04-01,28232.07
23,VESAF,2022-04-04,28695.84
23,VESAF,2022-04-05,28649.63
23,VESAF,2022-04-06,28633.61
23,VESAF,2022-04-07,28872.36
23,VESAF,2022-04-08,28570.11
23,VESAF,2022-04-12,28069.94
23,VESAF,2022-04-13,27719.83
23,VESAF,2022-04-14,28349.8
23,VESAF,2022-04-15,28554.66
23,VESAF,2022-04-18,28507.68
23,VESAF,2022-04-19,28100.18
23,VESAF,2022-04-20,27617.36
23,VESAF,2022-04-21,27267.74
23,VESAF,2022-04-22,27076.32
23,VESAF,2022-04-25,26805.57
23,VESAF,2022-04-26,25404.77
23,VESAF,2022-04-27,25909.99
23,VESAF,2022-04-28,26166.92
23,VESAF,2022-04-29,26248.77
23,VESAF,2022-05-04,26641.08
23,VESAF,2022-05-05,26491.71
23,VESAF,2022-05-06,26495.12
23,VESAF,2022-05-09,26047.98
23,VESAF,2022-05-10,24778.3
23,VESAF,2022-05-11,25260.99
23,VESAF,2022-05-12,25508.87
23,VESAF,2022-05-13,24421.0
23,VESAF,2022-05-16,23399.19
23,VESAF,2022-05-17,23152.67
23,VESAF,2022-05-18,24282.62
23,VESAF,2022-05-19,24501.12
23,VESAF,2022-05-20,24556.78
23,VESAF,2022-05-23,24527.54
23,VESAF,2022-05-24,24286.41
23,VESAF,2022-05-25,24492.22
23,VESAF,2022-05-26,25375.18
23,VESAF,2022-05-27,25429.16
23,VESAF,2022-05-30,25812.64
23,VESAF,2022-05-31,25924.09
23,VESAF,2022-06-01,25867.83
23,VESAF,2022-06-02,26068.44
23,VESAF,2022-06-03,26048.01
23,VESAF,2022-06-06,26288.47
23,VESAF,2022-06-07,26230.67
23,VESAF,2022-06-08,26496.43
23,VESAF,2022-06-09,26827.67
23,VESAF,2022-06-10,26783.7
23,VESAF,2022-06-13,26150.32
23,VESAF,2022-06-14,24934.43
23,VESAF,2022-06-15,25145.06
23,VESAF,2022-06-16,25018.26
23,VESAF,2022-06-17,25477.77
23,VESAF,2022-06-20,25188.17
23,VESAF,2022-06-21,24527.38
23,VESAF,2022-06-22,24017.87
23,VESAF,2022-06-23,23717.52
23,VESAF,2022-06-24,24333.79
23,VESAF,2022-06-27,24229.45
23,VESAF,2022-06-28,24540.27
23,VESAF,2022-06-29,24798.9
23,VESAF,2022-06-30,24815.06
23,VESAF,2022-07-01,24358.23
23,VESAF,2022-07-04,24315.4
23,VESAF,2022-07-05,24176.93
23,VESAF,2022-07-06,23737.83
23,VESAF,2022-07-07,23272.23
23,VESAF,2022-07-08,23374.86
23,VESAF,2022-07-11,23558.9
23,VESAF,2022-07-12,23258.04
23,VESAF,2022-07-13,23801.46
23,VESAF,2022-07-14,23808.58
23,VESAF,2022-07-15,23920.23
23,VESAF,2022-07-18,23830.43
23,VESAF,2022-07-19,23834.22
23,VESAF,2022-07-20,23924.58
23,VESAF,2022-07-21,24169.02
23,VESAF,2022-07-22,24175.26
23,VESAF,2022-07-25,24120.03
23,VESAF,2022-07-26,23941.69
23,VESAF,2022-07-27,23777.2
23,VESAF,2022-07-28,23842.55
23,VESAF,2022-07-29,24136.46
23,VESAF,2022-08-01,23957.98
23,VESAF,2022-08-02,24260.72
23,VESAF,2022-08-03,24340.44
23,VESAF,2022-08-04,24494.81
23,VESAF,2022-08-05,24504.16
23,VESAF,2022-08-08,24511.8
23,VESAF,2022-08-09,24631.52
23,VESAF,2022-08-10,24710.36
23,VESAF,2022-08-11,24707.18
23,VESAF,2022-08-12,24553.14
23,VESAF,2022-08-15,24731.88
23,VESAF,2022-08-16,24936.21
23,VESAF,2022-08-17,24960.54
23,VESAF,2022-08-18,24890.67
23,VESAF,2022-08-19,24823.88
23,VESAF,2022-08-22,24725.37
23,VESAF,2022-08-23,24718.47
23,VESAF,2022-08-24,24922.59
23,VESAF,2022-08-25,25109.24
23,VESAF,2022-08-26,25320.86
23,VESAF,2022-08-29,25224.19
23,VESAF,2022-08-30,25090.33
23,VESAF,2022-08-31,25193.2
23,VESAF,2022-09-05,25276.39
23,VESAF,2022-09-06,25188.52
23,VESAF,2022-09-07,25133.6
23,VESAF,2022-09-08,24445.8
23,VESAF,2022-09-09,24346.86
23,VESAF,2022-09-12,24573.49
23,VESAF,2022-09-13,24607.52
23,VESAF,2022-09-14,24603.69
23,VESAF,2022-09-15,24527.82
23,VESAF,2022-09-16,24560.5
23,VESAF,2022-09-19,24240.02
23,VESAF,2022-09-20,23698.24
23,VESAF,2022-09-21,23934.96
23,VESAF,2022-09-22,23776.21
23,VESAF,2022-09-23,23894.54
23,VESAF,2022-09-26,23840.84
23,VESAF,2022-09-27,23226.34
23,VESAF,2022-09-28,23164.04
23,VESAF,2022-09-29,22812.52
23,VESAF,2022-09-30,22423.22
23,VESAF,2022-10-03,22703.66
23,VESAF,2022-10-04,21719.94
23,VESAF,2022-10-05,21558.72
23,VESAF,2022-10-06,21975.14
23,VESAF,2022-10-07,21202.03
23,VESAF,2022-10-10,20469.41
23,VESAF,2022-10-11,20685.27
23,VESAF,2022-10-12,20096.69
23,VESAF,2022-10-13,20630.92
23,VESAF,2022-10-14,20742.74
23,VESAF,2022-10-17,20979.41
23,VESAF,2022-10-18,21011.56
23,VESAF,2022-10-19,21119.42
23,VESAF,2022-10-20,21113.25
23,VESAF,2022-10-21,21041.36
23,VESAF,2022-10-24,20229.71
23,VESAF,2022-10-25,19636.08
23,VESAF,2022-10-26,19708.5
23,VESAF,2022-10-27,19673.42
23,VESAF,2022-10-28,20199.89
23,VESAF,2022-10-31,20155.28
23,VESAF,2022-11-01,20141.62
23,VESAF,2022-11-02,20196.54
23,VESAF,2022-11-03,20084.25
23,VESAF,2022-11-04,20076.57
23,VESAF,2022-11-07,19724.58
23,VESAF,2022-11-08,19269.47
23,VESAF,2022-11-09,19396.02
23,VESAF,2022-11-10,19378.35
23,VESAF,2022-11-11,18692.72
23,VESAF,2022-11-14,18756.59
23,VESAF,2022-11-15,18279.1
23,VESAF,2022-11-16,17459.5
23,VESAF,2022-11-17,17973.55
23,VESAF,2022-11-18,18307.85
23,VESAF,2022-11-21,18384.14
23,VESAF,2022-11-22,18377.97
23,VESAF,2022-11-23,18477.7
23,VESAF,2022-11-24,18409.45
23,VESAF,2022-11-25,18319.51
23,VESAF,2022-11-28,18643.83
23,VESAF,2022-11-29,19245.0
23,VESAF,2022-11-30,19461.06
23,VESAF,2022-12-01,19769.96
23,VESAF,2022-12-02,19742.71
23,VESAF,2022-12-05,20314.61
23,VESAF,2022-12-06,20527.37
23,VESAF,2022-12-07,20016.79
23,VESAF,2022-12-08,19944.27
23,VESAF,2022-12-09,20112.37
23,VESAF,2022-12-12,20213.7
23,VESAF,2022-12-13,20048.28
23,VESAF,2022-12-14,20242.13
23,VESAF,2022-12-15,20338.91
23,VESAF,2022-12-16,20507.3
23,VESAF,2022-12-19,20505.91
23,VESAF,2022-12-20,20227.98
23,VESAF,2022-12-21,20043.4
23,VESAF,2022-12-22,19954.39
23,VESAF,2022-12-23,20015.03
23,VESAF,2022-12-27,19324.51
23,VESAF,2022-12-28,19666.11
23,VESAF,2022-12-29,19784.82
23,VESAF,2022-12-30,19726.55
23,VESAF,2023-01-03,19741.73
23,VESAF,2023-01-04,20308.24
23,VESAF,2023-01-05,20308.25
23,VESAF,2023-01-06,20470.55
23,VESAF,2023-01-09,20395.09
23,VESAF,2023-01-10,20371.05
23,VESAF,2023-01-11,20391.23
23,VESAF,2023-01-12,20488.29
23,VESAF,2023-01-13,20590.32
23,VESAF,2023-01-16,20606.65
23,VESAF,2023-01-17,20751.78
23,VESAF,2023-01-18,21164.67
23,VESAF,2023-01-19,21377.87
23,VESAF,2023-01-27,21427.02
23,VESAF,2023-01-30,21602.2
23,VESAF,2023-01-31,21545.72
23,VESAF,2023-02-01,21698.63
23,VESAF,2023-02-02,21243.77
23,VESAF,2023-02-03,21209.61
23,VESAF,2023-02-06,21108.65
23,VESAF,2023-02-07,21178.79
23,VESAF,2023-02-08,20996.67
23,VESAF,2023-02-09,20999.13
23,VESAF,2023-02-10,21063.3
23,VESAF,2023-02-13,20852.01
23,VESAF,2023-02-14,20600.27
23,VESAF,2023-02-15,20607.54
23,VESAF,2023-02-16,20848.25
23,VESAF,2023-02-17,21113.8
23,VESAF,2023-02-20,21147.04
23,VESAF,2023-02-21,21580.31
23,VESAF,2023-02-22,21492.77
23,VESAF,2023-02-23,21106.52
23,VESAF,2023-02-24,21069.51
23,VESAF,2023-02-27,20895.9
23,VESAF,2023-02-28,20558.32
23,VESAF,2023-03-01,20569.28
23,VESAF,2023-03-02,20889.8
23,VESAF,2023-03-03,20810.11
23,VESAF,2023-03-06,20593.77
23,VESAF,2023-03-07,20640.46
23,VESAF,2023-03-08,20727.06
23,VESAF,2023-03-09,20853.7
23,VESAF,2023-03-10,21015.93
23,VESAF,2023-03-13,20920.88
23,VESAF,2023-03-14,20768.81
23,VESAF,2023-03-15,20462.09
23,VESAF,2023-03-16,20921.38
23,VESAF,2023-03-17,20654.62
23,VESAF,2023-03-20,20692.68
23,VESAF,2023-03-21,20393.2
23,VESAF,2023-03-22,20527.57
23,VESAF,2023-03-23,20524.29
23,VESAF,2023-03-24,20573.29
23,VESAF,2023-03-27,20705.25
23,VESAF,2023-03-28,20828.11
23,VESAF,2023-03-29,20920.4
23,VESAF,2023-03-30,20973.72
23,VESAF,2023-03-31,20972.99
23,VESAF,2023-04-03,20999.6
23,VESAF,2023-04-04,21342.14
23,VESAF,2023-04-05,21435.25
23,VESAF,2023-04-06,21431.6
23,VESAF,2023-04-07,21220.5
23,VESAF,2023-04-10,21289.9
23,VESAF,2023-04-11,21373.19
23,VESAF,2023-04-12,21485.28
23,VESAF,2023-04-13,21615.64
23,VESAF,2023-04-14,21598.76
23,VESAF,2023-04-17,21286.09
23,VESAF,2023-04-18,21334.03
23,VESAF,2023-04-19,21446.97
23,VESAF,2023-04-20,21359.49
23,VESAF,2023-04-21,21345.62
23,VESAF,2023-04-24,21288.7
23,VESAF,2023-04-25,21332.68
23,VESAF,2023-04-26,21180.83
23,VESAF,2023-04-27,21255.17
23,VESAF,2023-04-28,21285.25
23,VESAF,2023-05-04,21377.41
23,VESAF,2023-05-05,21442.21
23,VESAF,2023-05-08,21418.67
23,VESAF,2023-05-09,21544.02
23,VESAF,2023-05-10,21600.48
23,VESAF,2023-05-11,21742.02
23,VESAF,2023-05-12,21718.5
23,VESAF,2023-05-15,21962.56
23,VESAF,2023-05-16,21912.11
23,VESAF,2023-05-17,21935.53
23,VESAF,2023-05-18,21811.15
23,VESAF,2023-05-19,21978.28
23,VESAF,2023-05-22,22120.0
23,VESAF,2023-05-23,22254.19
23,VESAF,2023-05-24,22167.27
23,VESAF,2023-05-25,22100.69
23,VESAF,2023-05-26,22258.33
23,VESAF,2023-05-29,22297.64
23,VESAF,2023-05-30,22503.64
23,VESAF,2023-05-31,22634.01
23,VESAF,2023-06-01,22588.4
23,VESAF,2023-06-02,22704.25
23,VESAF,2023-06-05,22822.51
23,VESAF,2023-06-06,22931.22
23,VESAF,2023-06-07,23098.42
23,VESAF,2023-06-08,23071.58
23,VESAF,2023-06-09,22766.48
23,VESAF,2023-06-12,22933.93
23,VESAF,2023-06-13,23093.48
23,VESAF,2023-06-14,23035.58
23,VESAF,2023-06-15,22866.16
23,VESAF,2023-06-16,22939.51
23,VESAF,2023-06-19,22991.71
23,VESAF,2023-06-20,23054.46
23,VESAF,2023-06-21,23286.48
23,VESAF,2023-06-22,23468.58
23,VESAF,2023-06-23,23517.23
23,VESAF,2023-06-26,23451.26
23,VESAF,2023-06-27,23571.73
23,VESAF,2023-06-28,23704.41
23,VESAF,2023-06-29,23675.84
23,VESAF,2023-06-30,23334.07
23,VESAF,2023-07-03,23375.28
23,VESAF,2023-07-04,23524.27
23,VESAF,2023-07-05,23762.24
23,VESAF,2023-07-06,23788.06
23,VESAF,2023-07-07,23766.91
23,VESAF,2023-07-10,24041.85
23,VESAF,2023-07-11,24217.35
23,VESAF,2023-07-12,24353.57
23,VESAF,2023-07-13,24378.45
23,VESAF,2023-07-14,24552.97
23,VESAF,2023-07-17,24714.23
23,VESAF,2023-07-18,24738.98
23,VESAF,2023-07-19,24689.66
23,VESAF,2023-07-20,24779.55
23,VESAF,2023-07-21,24912.11
23,VESAF,2023-07-24,25251.21
23,VESAF,2023-07-25,25453.41
23,VESAF,2023-07-26,25358.49
23,VESAF,2023-07-27,25412.85
23,VESAF,2023-07-28,25435.87
23,VESAF,2023-07-31,25548.94
23,VESAF,2023-08-01,25567.36
23,VESAF,2023-08-02,25350.23
23,VESAF,2023-08-03,25325.78
23,VESAF,2023-08-04,25282.22
23,VESAF,2023-08-07,25397.84
23,VESAF,2023-08-08,25747.7
23,VESAF,2023-08-09,25697.05
23,VESAF,2023-08-10,25670.49
23,VESAF,2023-08-11,25358.03
23,VESAF,2023-08-14,25398.04
23,VESAF,2023-08-15,25559.58
23,VESAF,2023-08-16,25623.81
23,VESAF,2023-08-17,25694.75
23,VESAF,2023-08-18,25590.23
23,VESAF,2023-08-21,24678.4
23,VESAF,2023-08-22,24743.75
23,VESAF,2023-08-23,24972.22
23,VESAF,2023-08-24,24822.69
23,VESAF,2023-08-25,25402.04
23,VESAF,2023-08-28,25422.26
23,VESAF,2023-08-29,25776.41
23,VESAF,2023-08-30,25873.34
23,VESAF,2023-08-31,26247.65
23,VESAF,2023-09-05,26527.83
23,VESAF,2023-09-06,26826.78
23,VESAF,2023-09-07,27144.31
23,VESAF,2023-09-08,27136.2
23,VESAF,2023-09-11,27255.09
23,VESAF,2023-09-12,27055.28
23,VESAF,2023-09-13,27439.11
23,VESAF,2023-09-14,27341.85
23,VESAF,2023-09-15,27156.86
23,VESAF,2023-09-18,27307.0
23,VESAF,2023-09-19,27203.45
23,VESAF,2023-09-20,27404.82
23,VESAF,2023-09-21,27723.43
23,VESAF,2023-09-22,27400.4
23,VESAF,2023-09-25,26940.66
23,VESAF,2023-09-26,25898.7
23,VESAF,2023-09-27,25874.25
23,VESAF,2023-09-28,26343.38
23,VESAF,2023-09-29,26424.13
23,VESAF,2023-10-02,26210.82
23,VESAF,2023-10-03,26383.06
23,VESAF,2023-10-04,25662.04
23,VESAF,2023-10-05,26000.45
23,VESAF,2023-10-06,25847.58
23,VESAF,2023-10-09,26195.5
23,VESAF,2023-10-10,26465.7
23,VESAF,2023-10-11,26559.44
23,VESAF,2023-10-12,26881.08
23,VESAF,2023-10-13,26788.99
23,VESAF,2023-10-16,27046.44
23,VESAF,2023-10-17,26791.98
23,VESAF,2023-10-18,25981.54
23,VESAF,2023-10-19,25706.16
23,VESAF,2023-10-20,25341.96
23,VESAF,2023-10-23,25818.95
23,VESAF,2023-10-24,25411.74
23,VESAF,2023-10-25,25568.89
23,VESAF,2023-10-26,25467.44
23,VESAF,2023-10-27,24464.68
23,VESAF,2023-10-30,24581.46
23,VESAF,2023-10-31,23906.45
23,VESAF,2023-11-01,23288.8
23,VESAF,2023-11-02,23601.11
23,VESAF,2023-11-03,24423.62
23,VESAF,2023-11-06,24352.51
23,VESAF,2023-11-07,24571.17
23,VESAF,2023-11-08,24507.4
23,VESAF,2023-11-09,25291.6
23,VESAF,2023-11-10,25308.96
23,VESAF,2023-11-13,25086.35
23,VESAF,2023-11-14,25109.95
23,VESAF,2023-11-15,25392.56
23,VESAF,2023-11-16,25409.21
23,VESAF,2023-11-17,25502.57
23,VESAF,2023-11-20,25184.82
23,VESAF,2023-11-21,25266.14
23,VESAF,2023-11-22,25479.8
23,VESAF,2023-11-23,25579.92
23,VESAF,2023-11-24,25019.23
23,VESAF,2023-11-27,25179.24
23,VESAF,2023-11-28,25023.15
23,VESAF,2023-11-29,25145.63
23,VESAF,2023-11-30,25283.68
23,VESAF,2023-12-01,25196.2
23,VESAF,2023-12-04,25300.86
23,VESAF,2023-12-05,25707.1
23,VESAF,2023-12-06,25713.2
23,VESAF,2023-12-07,25825.37
23,VESAF,2023-12-08,25620.68
23,VESAF,2023-12-11,25557.14
23,VESAF,2023-12-12,25595.09
23,VESAF,2023-12-13,25714.18
23,VESAF,2023-12-14,25393.42
23,VESAF,2023-12-15,25315.47
23,VESAF,2023-12-18,25248.62
23,VESAF,2023-12-19,25008.08
23,VESAF,2023-12-20,25192.89
23,VESAF,2023-12-21,25355.16
23,VESAF,2023-12-22,25418.09
23,VESAF,2023-12-25,25471.47
23,VESAF,2023-12-26,25684.33
23,VESAF,2023-12-27,25807.75
23,VESAF,2023-12-28,25744.67
23,VESAF,2023-12-29,25758.24
23,VESAF,2024-01-02,25832.28
23,VESAF,2024-01-03,25755.19
23,VESAF,2024-01-04,25926.1
23,VESAF,2024-01-05,26065.36
23,VESAF,2024-01-08,26183.9
23,VESAF,2024-01-09,26216.26
23,VESAF,2024-01-10,26181.88
23,VESAF,2024-01-11,26046.09
23,VESAF,2024-01-12,26025.74
23,VESAF,2024-01-15,25911.62
23,VESAF,2024-01-16,25883.68
23,VESAF,2024-01-17,26076.27
23,VESAF,2024-01-18,26168.99
23,VESAF,2024-01-19,26267.65
23,VESAF,2024-01-22,26423.07
23,VESAF,2024-01-23,26336.47
23,VESAF,2024-01-24,26310.51
23,VESAF,2024-01-25,26246.85
23,VESAF,2024-01-26,26272.21
23,VESAF,2024-01-29,26393.18
23,VESAF,2024-01-30,26479.45
23,VESAF,2024-01-31,26694.93
23,VESAF,2024-02-01,26489.73
23,VESAF,2024-02-02,26940.13
23,VESAF,2024-02-05,27017.19
23,VESAF,2024-02-06,27339.25
23,VESAF,2024-02-07,27449.89
23,VESAF,2024-02-15,27570.54
23,VESAF,2024-02-16,27572.95
23,VESAF,2024-02-19,27681.78
23,VESAF,2024-02-20,27635.78
23,VESAF,2024-02-21,27564.82
23,VESAF,2024-02-22,27648.19
23,VESAF,2024-02-23,27593.14
23,VESAF,2024-02-26,27207.84
23,VESAF,2024-02-27,27601.4
23,VESAF,2024-02-28,27852.95
23,VESAF,2024-02-29,27942.12
23,VESAF,2024-03-01,27994.11
23,VESAF,2024-03-04,28295.7
23,VESAF,2024-03-05,28427.46
23,VESAF,2024-03-06,28515.87
23,VESAF,2024-03-07,28254.81
23,VESAF,2024-03-08,28385.1
23,VESAF,2024-03-11,28115.61
23,VESAF,2024-03-12,27960.34
23,VESAF,2024-03-13,28274.87
23,VESAF,2024-03-14,28925.87
23,VESAF,2024-03-15,29016.65
23,VESAF,2024-03-18,29026.83
23,VESAF,2024-03-19,28386.57
23,VESAF,2024-03-20,28366.01
23,VESAF,2024-03-21,28782.51
23,VESAF,2024-03-22,29086.31
23,VESAF,2024-03-25,29111.5
23,VESAF,2024-03-26,28873.55
23,VESAF,2024-03-27,29223.82
23,VESAF,2024-03-28,29403.64
23,VESAF,2024-03-29,29546.13
23,VESAF,2024-04-01,29462.88
23,VESAF,2024-04-02,29395.44
23,VESAF,2024-04-03,29665.62
23,VESAF,2024-04-04,29260.48
23,VESAF,2024-04-05,29001.08
23,VESAF,2024-04-08,28683.72
23,VESAF,2024-04-09,28508.8
23,VESAF,2024-04-10,28873.72
23,VESAF,2024-04-11,28783.41
23,VESAF,2024-04-12,28835.32
23,VESAF,2024-04-15,29103.02
23,VESAF,2024-04-16,27737.01
23,VESAF,2024-04-17,27889.39
23,VESAF,2024-04-19,27490.53
23,VESAF,2024-04-22,27033.6
23,VESAF,2024-04-23,27479.95
23,VESAF,2024-04-24,27302.22
23,VESAF,2024-04-25,28167.05
23,VESAF,2024-04-26,28176.83
23,VESAF,2024-05-02,28203.64
23,VESAF,2024-05-03,28504.65
23,VESAF,2024-05-06,28602.95
23,VESAF,2024-05-07,29123.45
23,VESAF,2024-05-08,29432.49
23,VESAF,2024-05-09,29514.62
23,VESAF,2024-05-10,29471.89
23,VESAF,2024-05-13,29592.47
23,VESAF,2024-05-14,29508.6
23,VESAF,2024-05-15,29574.15
23,VESAF,2024-05-16,29856.97
23,VESAF,2024-05-17,30118.53
23,VESAF,2024-05-20,30165.66
23,VESAF,2024-05-21,30077.75
23,VESAF,2024-05-22,30277.55
23,VESAF,2024-05-23,30237.67
23,VESAF,2024-05-24,30555.1
23,VESAF,2024-05-27,29955.05
23,VESAF,2024-05-28,30139.31
23,VESAF,2024-05-29,30579.34
23,VESAF,2024-05-30,30341.42
23,VESAF,2024-05-31,30266.7
23,VESAF,2024-06-03,30147.87
23,VESAF,2024-06-04,30667.28
23,VESAF,2024-06-05,30812.6
23,VESAF,2024-06-06,30726.53
23,VESAF,2024-06-07,30795.32
23,VESAF,2024-06-10,30920.1
23,VESAF,2024-06-11,31353.5
23,VESAF,2024-06-12,31336.44
23,VESAF,2024-06-13,31825.5
23,VESAF,2024-06-14,31861.8
23,VESAF,2024-06-17,31304.46
23,VESAF,2024-06-18,31175.2
23,VESAF,2024-06-19,31250.21
23,VESAF,2024-06-20,31488.6
23,VESAF,2024-06-21,31529.03
23,VESAF,2024-06-24,31643.99
23,VESAF,2024-06-25,30735.11
23,VESAF,2024-06-26,30712.56
23,VESAF,2024-06-27,30855.21
23,VESAF,2024-06-28,30856.97
23,VESAF,2024-07-01,30456.57
23,VESAF,2024-07-02,30736.89
23,VESAF,2024-07-03,30931.12
23,VESAF,2024-07-04,31109.19
23,VESAF,2024-07-05,31296.52
23,VESAF,2024-07-08,31457.86
23,VESAF,2024-07-09,31659.5
23,VESAF,2024-07-10,31880.17
23,VESAF,2024-07-11,31542.89
23,VESAF,2024-07-12,31452.77
23,VESAF,2024-07-15,31386.35
23,VESAF,2024-07-16,31390.86
23,VESAF,2024-07-17,31440.98
23,VESAF,2024-07-18,31092.57
23,VESAF,2024-07-19,31217.68
23,VESAF,2024-07-22,31050.9
23,VESAF,2024-07-23,30612.75
23,VESAF,2024-07-24,30077.71
23,VESAF,2024-07-25,30251.71
23,VESAF,2024-07-26,30141.87
23,VESAF,2024-07-29,30476.21
23,VESAF,2024-07-30,30592.5
23,VESAF,2024-07-31,30530.9
23,VESAF,2024-08-01,30514.89
23,VESAF,2024-08-02,29743.99
23,VESAF,2024-08-05,29918.5
23,VESAF,2024-08-06,28643.89
23,VESAF,2024-08-07,29212.64
23,VESAF,2024-08-08,29244.0
23,VESAF,2024-08-09,29119.86
23,VESAF,2024-08-12,29733.99
23,VESAF,2024-08-13,30104.47
23,VESAF,2024-08-14,30020.95
23,VESAF,2024-08-15,29955.56
23,VESAF,2024-08-16,29753.18
23,VESAF,2024-08-19,30477.57
23,VESAF,2024-08-20,30740.66
23,VESAF,2024-08-21,30897.09
23,VESAF,2024-08-22,31168.85
23,VESAF,2024-08-23,31162.74
23,VESAF,2024-08-26,31132.19
23,VESAF,2024-08-27,30908.98
23,VESAF,2024-08-28,30889.67
23,VESAF,2024-08-29,30943.44
23,VESAF,2024-08-30,30964.02
23,VESAF,2024-09-04,31050.21
23,VESAF,2024-09-05,30743.8
23,VESAF,2024-09-06,30473.49
23,VESAF,2024-09-09,30591.51
23,VESAF,2024-09-10,30396.34
23,VESAF,2024-09-11,30191.11
23,VESAF,2024-09-12,30263.35
23,VESAF,2024-09-13,30388.28
23,VESAF,2024-09-16,30386.58
23,VESAF,2024-09-17,30173.56
23,VESAF,2024-09-18,30456.5
23,VESAF,2024-09-19,30697.63
23,VESAF,2024-09-20,30779.98
23,VESAF,2024-09-23,30916.96
23,VESAF,2024-09-24,30853.57
23,VESAF,2024-09-25,31082.23
23,VESAF,2024-09-26,31279.98
23,VESAF,2024-09-27,31232.69
23,VESAF,2024-09-30,31175.8
23,VESAF,2024-10-01,31127.08
23,VESAF,2024-10-02,31172.51
23,VESAF,2024-10-03,31114.94
23,VESAF,2024-10-04,30846.18
23,VESAF,2024-10-07,30657.14
23,VESAF,2024-10-08,30784.67
23,VESAF,2024-10-09,30799.04
23,VESAF,2024-10-10,31001.36
23,VESAF,2024-10-11,31264.51
23,VESAF,2024-10-14,31202.2
23,VESAF,2024-10-15,31120.46
23,VESAF,2024-10-16,30975.06
23,VESAF,2024-10-17,30942.19
23,VESAF,2024-10-18,31056.44
23,VESAF,2024-10-21,31011.02
23,VESAF,2024-10-22,30746.79
23,VESAF,2024-10-23,30538.57
23,VESAF,2024-10-24,30625.96
23,VESAF,2024-10-25,30339.52
23,VESAF,2024-10-28,30276.76
23,VESAF,2024-10-29,30404.65
23,VESAF,2024-10-30,30703.15
23,VESAF,2024-10-31,30676.37
23,VESAF,2024-11-01,30787.01
23,VESAF,2024-11-04,30480.86
23,VESAF,2024-11-05,30309.07
23,VESAF,2024-11-06,30296.37
23,VESAF,2024-11-07,30669.54
23,VESAF,2024-11-08,30677.26
23,VESAF,2024-11-11,30696.92
23,VESAF,2024-11-12,30719.86
23,VESAF,2024-11-13,30487.09
23,VESAF,2024-11-14,30567.03
23,VESAF,2024-11-15,30270.94
23,VESAF,2024-11-18,29941.75
23,VESAF,2024-11-19,29837.85
23,VESAF,2024-11-20,29380.13
23,VESAF,2024-11-21,29605.89
23,VESAF,2024-11-22,29993.86
23,VESAF,2024-11-25,29937.16
23,VESAF,2024-11-26,30000.17
23,VESAF,2024-11-27,30140.88
23,VESAF,2024-11-28,30252.29
23,VESAF,2024-11-29,30294.09
23,VESAF,2024-12-02,30731.43
23,VESAF,2024-12-03,30756.12
23,VESAF,2024-12-04,30855.36
23,VESAF,2024-12-05,30707.95
23,VESAF,2024-12-06,31353.32
23,VESAF,2024-12-09,31460.73
23,VESAF,2024-12-10,31416.91
23,VESAF,2024-12-11,31447.34
23,VESAF,2024-12-12,31358.4
23,VESAF,2024-12-13,31333.55
23,VESAF,2024-12-16,31251.96
23,VESAF,2024-12-17,31243.13
23,VESAF,2024-12-18,31165.37
23,VESAF,2024-12-19,31263.99
23,VESAF,2024-12-20,31108.12
23,VESAF,2024-12-23,31163.46
23,VESAF,2024-12-24,31283.65
23,VESAF,2024-12-25,31394.04
23,VESAF,2024-12-26,31714.43
23,VESAF,2024-12-27,31697.45
23,VESAF,2024-12-30,31634.31
23,VESAF,2024-12-31,31515.64
23,VESAF,2025-01-02,31539.11
23,VESAF,2025-01-03,31576.06
23,VESAF,2025-01-06,31121.7
23,VESAF,2025-01-07,30768.59
23,VESAF,2025-01-08,30721.46
23,VESAF,2025-01-09,30847.42
23,VESAF,2025-01-10,30757.75
23,VESAF,2025-01-13,30407.82
23,VESAF,2025-01-14,30519.72
23,VESAF,2025-01-15,30331.87
23,VESAF,2025-01-16,30455.52
23,VESAF,2025-01-17,30556.88
23,VESAF,2025-01-20,30851.53
23,VESAF,2025-01-21,30890.82
23,VESAF,2025-01-22,30957.88
23,VESAF,2025-01-23,30852.4
23,VESAF,2025-01-24,31288.63
23,VESAF,2025-02-03,31362.99
23,VESAF,2025-02-04,30819.51
23,VESAF,2025-02-05,31114.08
23,VESAF,2025-02-06,31236.12
23,VESAF,2025-02-07,31302.62
23,VESAF,2025-02-10,31316.54
23,VESAF,2025-02-11,30965.45
23,VESAF,2025-02-12,31043.91
23,VESAF,2025-02-13,31035.1
23,VESAF,2025-02-14,31027.76
23,VESAF,2025-02-17,31096.99
23,VESAF,2025-02-18,30892.91
23,VESAF,2025-02-19,31107.76
23,VESAF,2025-02-20,31290.89
23,VESAF,2025-02-21,31407.37
23,VESAF,2025-02-24,31510.31
23,VESAF,2025-02-25,31574.72
23,VESAF,2025-02-26,31474.59
23,VESAF,2025-02-27,31590.36
23,VESAF,2025-02-28,31660.99
23,VESAF,2025-03-03,31574.16
23,VESAF,2025-03-04,31700.37
23,VESAF,2025-03-05,31754.37
23,VESAF,2025-03-06,31546.37
23,VESAF,2025-03-07,31941.04
23,VESAF,2025-03-10,31922.6
23,VESAF,2025-03-11,31841.93
23,VESAF,2025-03-12,31729.99
23,VESAF,2025-03-13,31569.98
23,VESAF,2025-03-14,31222.12
23,VESAF,2025-03-17,30992.81
23,VESAF,2025-03-18,31032.6
23,VESAF,2025-03-19,30962.34
23,VESAF,2025-03-20,30688.68
23,VESAF,2025-03-21,30818.67
23,VESAF,2025-03-24,30815.86
23,VESAF,2025-03-25,30862.43
23,VESAF,2025-03-26,30788.61
23,VESAF,2025-03-27,30672.96
23,VESAF,2025-03-28,30656.05
23,VESAF,2025-03-31,30513.86
23,VESAF,2025-04-01,30343.81
23,VESAF,2025-04-02,30519.67
23,VESAF,2025-04-03,30387.54
23,VESAF,2025-04-04,28240.6
23,VESAF,2025-04-08,27486.48
23,VESAF,2025-04-09,25614.98
23,VESAF,2025-04-10,24755.85
23,VESAF,2025-04-11,26462.19
23,VESAF,2025-04-14,27531.31
23,VESAF,2025-04-15,27853.2
23,VESAF,2025-04-16,27430.54
23,VESAF,2025-04-17,27144.65
23,VESAF,2025-04-18,27356.2
23,VESAF,2025-04-21,27596.99
23,VESAF,2025-04-22,27375.85
23,VESAF,2025-04-23,27167.42
23,VESAF,2025-04-24,27572.49
23,VESAF,2025-04-25,27789.8
23,VESAF,2025-04-28,27850.47
23,VESAF,2025-04-29,27826.72
23,VESAF,2025-05-05,27844.28
23,VESAF,2025-05-06,28090.05
23,VESAF,2025-05-07,28188.23
23,VESAF,2025-05-08,28174.04
23,VESAF,2025-05-09,28385.4
23,VESAF,2025-05-12,28326.13
23,VESAF,2025-05-13,28755.54
23,VESAF,2025-05-14,29159.65
23,VESAF,2025-05-15,29498.71
23,VESAF,2025-05-16,29630.52
23,VESAF,2025-05-19,29237.7
23,VESAF,2025-05-20,29055.25
23,VESAF,2025-05-21,29415.86
23,VESAF,2025-05-22,29421.02
23,VESAF,2025-05-23,29162.85
23,VESAF,2025-05-26,29158.28
23,VESAF,2025-05-27,29629.73
23,VESAF,2025-05-28,29899.47
23,VESAF,2025-05-29,29857.57
23,VESAF,2025-05-30,29778.05
23,VESAF,2025-06-02,29506.32
23,VESAF,2025-06-03,29679.64
23,VESAF,2025-06-04,29922.44
23,VESAF,2025-06-05,29879.41
23,VESAF,2025-06-06,29881.2
23,VESAF,2025-06-09,29573.37
23,VESAF,2025-06-10,29380.71
23,VESAF,2025-06-11,29508.26
23,VESAF,2025-06-12,29699.65
23,VESAF,2025-06-13,30018.88
23,VESAF,2025-06-16,30003.29
23,VESAF,2025-06-17,30715.91
23,VESAF,2025-06-18,30709.49
23,VESAF,2025-06-19,30647.32
23,VESAF,2025-06-20,30689.22
23,VESAF,2025-06-23,30786.94
23,VESAF,2025-06-24,30767.6
23,VESAF,2025-06-25,30858.59
23,VESAF,2025-06-26,30745.63
23,VESAF,2025-06-27,30772.53
23,VESAF,2025-06-30,30830.5
23,VESAF,2025-07-01,31168.45
23,VESAF,2025-07-02,31149.0
23,VESAF,2025-07-03,31343.43
23,VESAF,2025-07-04,31320.16
23,VESAF,2025-07-07,31536.12
23,VESAF,2025-07-08,31753.4
23,VESAF,2025-07-09,31894.74
23,VESAF,2025-07-10,31994.2
23,VESAF,2025-07-11,32045.7
23,VESAF,2025-07-14,32202.16
23,VESAF,2025-07-15,32448.83
23,VESAF,2025-07-16,32186.02
23,VESAF,2025-07-17,32408.28
23,VESAF,2025-07-18,32583.97
23,VESAF,2025-07-21,32885.18
23,VESAF,2025-07-22,32628.06
23,VESAF,2025-07-23,32810.01
23,VESAF,2025-07-24,33090.32
23,VESAF,2025-07-25,33336.48
23,VESAF,2025-07-28,33398.55
23,VESAF,2025-07-29,33698.64
23,VESAF,2025-07-30,32220.82
23,VESAF,2025-07-31,32732.52
23,VESAF,2025-08-01,32616.05
23,VESAF,2025-08-04,32531.67
23,VESAF,2025-08-05,32947.72
23,VESAF,2025-08-06,33547.5
23,VESAF,2025-08-07,34276.06
23,VESAF,2025-08-08,34695.88
23,VESAF,2025-08-11,34745.33
23,VESAF,2025-08-12,35055.69
23,VESAF,2025-08-13,35354.32
23,VESAF,2025-08-14,35889.59
23,VESAF,2025-08-15,36695.06
23,VESAF,2025-08-18,36322.87
23,VESAF,2025-08-19,36473.67
23,VESAF,2025-08-20,36841.71
23,VESAF,2025-08-21,36656.44
23,VESAF,2025-08-22,36901.02
23,VESAF,2025-08-25,36022.61
23,VESAF,2025-08-26,35272.33
23,VESAF,2025-08-27,36447.03
23,VESAF,2025-08-28,36523.24
23,VESAF,2025-08-29,36828.09
23,VESAF,2025-09-03,36965.11
23,VESAF,2025-09-04,37062.88
23,VESAF,2025-09-05,37357.61
23,VESAF,2025-09-08,36620.52
23,VESAF,2025-09-09,35787.81
23,VESAF,2025-09-10,35976.66
23,VESAF,2025-09-11,36058.46
23,VESAF,2025-09-12,36199.2
23,VESAF,2025-09-15,36258.45
23,VESAF,2025-09-16,36776.66
23,VESAF,2025-09-17,36865.21
23,VESAF,2025-09-18,36555.25
23,VESAF,2025-09-19,36297.55
23,VESAF,2025-09-22,36134.66
23,VESAF,2025-09-23,35481.07
23,VESAF,2025-09-24,35492.63
23,VESAF,2025-09-25,36041.96
23,VESAF,2025-09-26,35901.17
23,VESAF,2025-09-29,35607.27
23,VESAF,2025-09-30,35386.08
23,VESAF,2025-10-01,35130.33
23,VESAF,2025-10-02,35216.9
23,VESAF,2025-10-03,35076.9
23,VESAF,2025-10-06,34774.18
23,VESAF,2025-10-07,35709.26
23,VESAF,2025-10-08,35316.92
23,VESAF,2025-10-09,35578.18
23,VESAF,2025-10-10,35810.72
23,VESAF,2025-10-13,35968.38
23,VESAF,2025-10-14,35956.82
23,VESAF,2025-10-15,35596.69
23,VESAF,2025-10-16,35491.03
23,VESAF,2025-10-17,35551.07
23,VESAF,2025-10-20,35214.29
23,VESAF,2025-10-21,33369.1
23,VESAF,2025-10-22,34022.16
23,VESAF,2025-10-23,34524.75
23,VESAF,2025-10-24,34364.79
23,VESAF,2025-10-27,34184.65
23,VESAF,2025-10-28,33834.93
23,VESAF,2025-10-29,34236.16
23,VESAF,2025-10-30,34650.64
23,VESAF,2025-10-31,34543.57
23,VESAF,2025-11-03,34437.28
23,VESAF,2025-11-04,34092.34
23,VESAF,2025-11-05,34463.21
23,VESAF,2025-11-06,34384.63
23,VESAF,2025-11-07,34201.81
23,VESAF,2025-11-10,33487.81
23,VESAF,2025-11-11,33168.6
23,VESAF,2025-11-12,33321.99
23,VESAF,2025-11-13,33977.45
23,VESAF,2025-11-14,34268.0
23,VESAF,2025-11-17,34280.95
23,VESAF,2025-11-18,34466.6
23,VESAF,2025-11-19,34501.73
23,VESAF,2025-11-20,34193.0
23,VESAF,2025-11-21,34090.03
23,VESAF,2025-11-24,33967.83
23,VESAF,2025-11-25,33744.64
23,VESAF,2025-11-26,33402.24
23,VESAF,2025-11-27,33721.89
23,VESAF,2025-11-28,33871.49
23,VESAF,2025-12-01,33734.28
23,VESAF,2025-12-02,33669.43
23,VESAF,2025-12-03,33864.96
23,VESAF,2025-12-04,34561.46
23,VESAF,2025-12-05,34886.02
23,VESAF,2025-12-08,34545.64
23,VESAF,2025-12-09,34466.84
23,VESAF,2025-12-10,34118.67
23,VESAF,2025-12-11,34048.63
23,VESAF,2025-12-12,33898.29
23,VESAF,2025-12-15,32988.1
23,VESAF,2025-12-16,33090.6
23,VESAF,2025-12-17,33478.13
23,VESAF,2025-12-18,33184.76
23,VESAF,2025-12-19,32938.23
23,VESAF,2025-12-22,32894.14
23,VESAF,2025-12-23,33331.91
23,VESAF,2025-12-24,33261.15
23,VESAF,2025-12-25,33328.41
23,VESAF,2025-12-26,33008.13
23,VESAF,2025-12-29,33016.12
23,VESAF,2025-12-30,33382.93
23,VESAF,2025-12-31,33569.85
23,VESAF,2026-01-05,33529.19
23,VESAF,2026-01-06,33543.13
23,VESAF,2026-01-07,34081.66
23,VESAF,2026-01-08,34733.73
23,VESAF,2026-01-09,34628.55
23,VESAF,2026-01-12,35000.7
23,VESAF,2026-01-13,35526.11
23,VESAF,2026-01-14,35656.8
23,VESAF,2026-01-15,35793.02
23,VESAF,2026-01-16,35993.39
23,VESAF,2026-01-19,36385.75
23,VESAF,2026-01-20,36584.18
23,VESAF,2026-01-21,36564.89
23,VESAF,2026-01-22,36451.97
23,VESAF,2026-01-23,36523.94
23,VESAF,2026-01-26,36044.99
23,VESAF,2026-01-27,35370.87
23,VESAF,2026-01-28,35735.68
23,VESAF,2026-01-29,35878.29
23,VESAF,2026-01-30,36332.57
23,VESAF,2026-02-02,36772.23
23,VESAF,2026-02-03,37035.37
23,VESAF,2026-02-04,37650.94
23,VESAF,2026-02-05,37822.14
23,VESAF,2026-02-06,36894.56
23,VESAF,2026-02-09,36067.09
23,VESAF,2026-02-10,36186.09
23,VESAF,2026-02-11,35874.86
23,VESAF,2026-02-12,36636.64
23,VESAF,2026-02-13,36690.8
23,VESAF,2026-02-23,36763.52
23,VESAF,2026-02-24,37377.75
23,VESAF,2026-02-25,37602.94
23,VESAF,2026-02-26,37844.83
23,VESAF,2026-02-27,37880.52
23,VESAF,2026-03-02,37845.99
23,VESAF,2026-03-03,37677.58
23,VESAF,2026-03-04,37198.19
23,VESAF,2026-03-05,36990.75
23,VESAF,2026-03-06,36390.77
23,VESAF,2026-03-09,35879.58
23,VESAF,2026-03-10,33538.59
23,VESAF,2026-03-11,34469.52
23,VESAF,2026-03-12,35577.57
23,VESAF,2026-03-13,35170.78
23,VESAF,2026-03-16,34981.88
23,VESAF,2026-03-17,34865.05
23,VESAF,2026-03-18,35253.47
23,VESAF,2026-03-19,35261.99
23,VESAF,2026-03-20,34990.91
23,VESAF,2026-03-23,34553.51
23,VESAF,2026-03-24,33546.93
23,VESAF,2026-03-25,34434.22
23,VESAF,2026-03-26,35434.53
23,VESAF,2026-03-27,35200.69
23,VESAF,2026-03-30,35763.77
23,VESAF,2026-03-31,35556.5
23,VESAF,2026-04-01,35608.1
23,VESAF,2026-04-02,35688.32
23,VESAF,2026-04-03,35300.42
23,VESAF,2026-04-06,34879.0
23,VESAF,2026-04-07,34384.74
23,VESAF,2026-04-08,34333.02
23,VESAF,2026-04-09,35606.23
23,VESAF,2026-04-10,35382.28
23,VESAF,2026-04-13,35317.52
23,VESAF,2026-04-14,35142.85
23,VESAF,2026-04-15,35320.21
23,VESAF,2026-04-16,35145.29
23,VESAF,2026-04-17,34958.07
23,VESAF,2026-04-20,35165.82
23,VESAF,2026-04-21,35324.69
23,VESAF,2026-04-22,35095.05
23,VESAF,2026-04-23,34939.45
23,VESAF,2026-04-24,34976.47
23,VESAF,2026-04-28,34830.65
23,VESAF,2026-04-29,34456.26
23,VESAF,2026-05-04,34486.47
23,VESAF,2026-05-05,34566.52
23,VESAF,2026-05-06,34512.25
23,VESAF,2026-05-07,34633.92
23,VESAF,2026-05-08,34581.3
23,VESAF,2026-05-11,34444.05
23,VESAF,2026-05-12,34092.28
23,VESAF,2026-05-13,34224.91
23,VESAF,2026-05-14,34467.13
23,VESAF,2026-05-15,34526.07
23,VESAF,2026-05-18,34315.85
23,VESAF,2026-05-19,34553.63
23,VESAF,2026-05-20,34388.24
23,VESAF,2026-05-21,34406.75
23,VESAF,2026-05-22,34443.87
23,VESAF,2026-05-25,34182.64
23,VESAF,2026-05-26,34037.06
23,VESAF,2026-05-27,34285.89
23,VESAF,2026-05-28,34215.34
23,VESAF,2026-05-29,33957.95
23,VESAF,2026-06-01,33912.99
23,VESAF,2026-06-02,33885.41
23,VESAF,2026-06-03,33754.84
23,VESAF,2026-06-04,33968.38
23,VESAF,2026-06-05,34015.45
23,VESAF,2026-06-08,33933.7
23,VESAF,2026-06-09,33353.63
23,VESAF,2026-06-10,33481.35
23,VESAF,2026-06-11,33520.72
23,VESAF,2026-06-12,33429.67
23,VESAF,2026-06-15,33308.4
23,VESAF,2026-06-16,33666.28
23,VESAF,2026-06-17,33779.47
23,VESAF,2026-06-18,33906.52
23,VESAF,2026-06-19,33817.69
23,VESAF,2026-06-22,33643.56
23,VESAF,2026-06-23,33619.28
23,VESAF,2026-06-24,33391.09
23,VESAF,2026-06-25,33399.36
23,VESAF,2026-06-26,33217.7
23,VESAF,2026-06-29,33162.63
23,VESAF,2026-06-30,33366.18
23,VESAF,2026-07-01,33322.89
23,VESAF,2026-07-02,33596.39
23,VESAF,2026-07-03,33500.58
23,VESAF,2026-07-06,33151.54
23,VESAF,2026-07-07,32578.15
23,VESAF,2026-07-08,32496.96
23,VESAF,2026-07-09,32648.37
23,VESAF,2026-07-10,32455.33
23,VESAF,2026-07-13,32014.66
23,VESAF,2026-07-14,31546.28
23,VESAF,2026-07-15,31779.81
23,VESAF,2026-07-16,31410.6
23,VESAF,2026-07-17,31526.61
23,VESAF,2026-07-20,31253.79
23,VESAF,2026-07-21,30368.25
23,VESAF,2026-07-22,30230.73
23,VESAF,2026-07-23,29448.95
23,VESAF,2026-07-24,29634.92
23,VESAF,2026-07-27,29433.55
23,VESAF,2026-07-28,28941.03
23,VESAF,2026-07-29,29251.69
23,VESAF,2026-07-30,29655.73
23,VESAF,2026-07-31,30465.76
23,VESAF,2026-08-03,30564.93
23,VESAF,2026-08-04,31583.11
23,VESAF,2026-08-05,31539.72
23,VESAF,2026-08-06,31474.62
23,VESAF,2026-08-07,31214.47
23,VESAF,2026-08-10,31604.95
23,VESAF,2026-08-11,32156.23
23,VESAF,2026-08-12,32015.86
23,VESAF,2026-08-13,32191.68
23,VESAF,2026-08-14,31953.15
23,VESAF,2026-08-17,31571.47
23,VESAF,2026-08-18,31725.54
23,VESAF,2026-08-19,31649.58
23,VESAF,2026-08-20,31517.77
23,VESAF,2026-08-21,31581.76
23,VESAF,2026-08-24,32125.66
23,VESAF,2026-08-25,32106.84
23,VESAF,2026-08-26,31864.88
23,VESAF,2026-08-27,32247.6
23,VESAF,2026-08-28,32360.76
23,VESAF,2026-09-03,32320.91
23,VESAF,2026-09-04,31853.68
23,VESAF,2026-09-07,31926.81
23,VESAF,2026-09-08,31576.2
23,VESAF,2026-09-09,31529.03
23,VESAF,2026-09-10,31574.96
23,VESAF,2026-09-11,31558.92
23,VESAF,2026-09-14,31089.08
23,VESAF,2026-09-15,31153.08
23,VESAF,2026-09-16,31591.26
23,VESAF,2026-09-17,31661.65
23,VESAF,2026-09-18,31853.78
23,VESAF,2026-09-21,31656.61
23,VESAF,2026-09-22,31727.79
23,VESAF,2026-09-23,31767.83
23,VESAF,2026-09-24,31801.41
23,VESAF,2026-09-25,31517.61
23,VESAF,2026-09-28,31477.9
23,VESAF,2026-09-29,31413.26
23,VESAF,2026-09-30,31416.74
23,VESAF,2026-10-01,31502.08
23,VESAF,2026-10-02,31519.51
23,VESAF,2026-10-05,31340.14
23,VESAF,2026-10-06,31394.27
27,DCBF,2020-01-01,19454.05
27,DCBF,2020-01-03,19460.99
27,DCBF,2020-01-10,19491.93
27,DCBF,2020-01-17,19485.56
27,DCBF,2020-01-24,19513.25
27,DCBF,2020-01-31,19544.03
27,DCBF,2020-02-01,19549.56
27,DCBF,2020-02-07,19568.61
27,DCBF,2020-02-14,19598.91
27,DCBF,2020-02-21,19627.63
27,DCBF,2020-02-28,19654.03
27,DCBF,2020-03-01,19649.5
27,DCBF,2020-03-06,19772.8
27,DCBF,2020-03-13,19847.81
27,DCBF,2020-03-20,19758.26
27,DCBF,2020-03-27,19776.88
27,DCBF,2020-04-01,19795.94
27,DCBF,2020-04-03,19803.15
27,DCBF,2020-04-10,19834.91
27,DCBF,2020-04-17,19863.0
27,DCBF,2020-04-24,19887.41
27,DCBF,2020-05-01,19893.92
27,DCBF,2020-05-08,19898.34
27,DCBF,2020-05-15,19927.56
27,DCBF,2020-05-22,19947.39
27,DCBF,2020-05-29,19966.03
27,DCBF,2020-06-01,19976.11
27,DCBF,2020-06-05,19989.41
27,DCBF,2020-06-12,20005.15
27,DCBF,2020-06-19,20035.77
27,DCBF,2020-06-26,20061.95
27,DCBF,2020-07-01,20079.09
27,DCBF,2020-07-03,20086.21
27,DCBF,2020-07-10,20109.76
27,DCBF,2020-07-17,20126.13
27,DCBF,2020-07-24,20145.49
27,DCBF,2020-07-31,20169.77
27,DCBF,2020-08-01,20175.73
27,DCBF,2020-08-07,20212.86
27,DCBF,2020-08-14,20238.21
27,DCBF,2020-08-21,20254.99
27,DCBF,2020-08-28,20277.13
27,DCBF,2020-09-01,20292.78
27,DCBF,2020-09-04,20303.19
27,DCBF,2020-09-11,20328.12
27,DCBF,2020-09-18,20353.06
27,DCBF,2020-09-25,20375.98
27,DCBF,2020-10-01,20396.29
27,DCBF,2020-10-02,20399.88
27,DCBF,2020-10-09,20426.53
27,DCBF,2020-10-16,20449.14
27,DCBF,2020-10-23,20473.34
27,DCBF,2020-10-29,20487.44
27,DCBF,2020-10-30,20487.44
27,DCBF,2020-11-05,20524.29
27,DCBF,2020-11-06,20524.29
27,DCBF,2020-11-12,20529.43
27,DCBF,2020-11-19,20556.59
27,DCBF,2020-11-26,20585.31
27,DCBF,2020-12-03,20628.8
27,DCBF,2020-12-10,20664.3
27,DCBF,2020-12-11,20664.3
27,DCBF,2020-12-17,20697.1
27,DCBF,2020-12-24,20716.91
27,DCBF,2020-12-31,20756.15
27,DCBF,2021-01-07,20779.52
27,DCBF,2021-01-15,20817.58
27,DCBF,2021-01-22,20845.17
27,DCBF,2021-01-29,20843.94
27,DCBF,2021-02-04,20802.57
27,DCBF,2021-02-11,20829.07
27,DCBF,2021-02-18,20855.95
27,DCBF,2021-02-25,20961.16
27,DCBF,2021-03-04,20973.38
27,DCBF,2021-03-11,20946.13
27,DCBF,2021-03-18,21024.68
27,DCBF,2021-03-25,21053.36
27,DCBF,2021-04-01,21077.76
27,DCBF,2021-04-08,21104.08
27,DCBF,2021-04-22,21189.86
27,DCBF,2021-04-29,21222.65
27,DCBF,2021-05-06,21248.37
27,DCBF,2021-05-13,21282.9
27,DCBF,2021-05-20,21300.61
27,DCBF,2021-05-27,21360.0
27,DCBF,2021-06-03,21388.38
27,DCBF,2021-06-10,21412.45
27,DCBF,2021-06-17,21432.88
27,DCBF,2021-06-24,21466.89
27,DCBF,2021-07-01,21484.7
27,DCBF,2021-07-08,21523.3
27,DCBF,2021-07-15,21543.02
27,DCBF,2021-07-22,21578.33
27,DCBF,2021-07-29,21604.43
27,DCBF,2021-08-05,21626.37
27,DCBF,2021-08-12,21666.34
27,DCBF,2021-08-19,21679.61
27,DCBF,2021-08-26,21717.6
27,DCBF,2021-09-09,21764.42
27,DCBF,2021-09-16,21789.42
27,DCBF,2021-09-23,21815.27
27,DCBF,2021-09-30,21839.46
27,DCBF,2021-10-07,21855.3
27,DCBF,2021-10-14,21895.44
27,DCBF,2021-10-21,21928.03
27,DCBF,2021-10-28,21955.38
27,DCBF,2021-11-04,21995.67
27,DCBF,2021-11-11,22000.5
27,DCBF,2021-11-18,22039.4
27,DCBF,2021-11-25,22070.14
27,DCBF,2021-12-02,22102.73
27,DCBF,2021-12-09,22152.26
27,DCBF,2021-12-16,22177.03
27,DCBF,2021-12-23,22230.19
27,DCBF,2021-12-30,22269.94
27,DCBF,2022-01-06,22306.59
27,DCBF,2022-01-13,22333.98
27,DCBF,2022-01-20,22352.26
27,DCBF,2022-01-27,22361.58
27,DCBF,2022-02-10,22434.78
27,DCBF,2022-02-17,22463.02
27,DCBF,2022-02-24,22481.33
27,DCBF,2022-03-03,22512.65
27,DCBF,2022-03-10,22546.1
27,DCBF,2022-03-17,22576.07
27,DCBF,2022-03-24,22610.01
27,DCBF,2022-03-31,22646.6
27,DCBF,2022-04-07,22702.53
27,DCBF,2022-04-14,22732.39
27,DCBF,2022-04-21,22777.72
27,DCBF,2022-04-28,22812.21
27,DCBF,2022-05-05,22847.4
27,DCBF,2022-05-12,22876.89
27,DCBF,2022-05-19,22914.51
27,DCBF,2022-05-26,22944.82
27,DCBF,2022-06-02,22970.74
27,DCBF,2022-06-09,22998.28
27,DCBF,2022-06-17,23034.51
27,DCBF,2022-06-23,23082.0
27,DCBF,2022-07-01,23101.37
27,DCBF,2022-07-08,23150.47
27,DCBF,2022-07-15,23184.88
27,DCBF,2022-07-22,23216.55
27,DCBF,2022-07-29,23258.9
27,DCBF,2022-08-05,23293.21
27,DCBF,2022-08-12,23332.24
27,DCBF,2022-08-19,23367.38
27,DCBF,2022-08-26,23409.49
27,DCBF,2022-09-09,23479.88
27,DCBF,2022-09-16,23515.1
27,DCBF,2022-09-23,23551.6
27,DCBF,2022-09-30,23584.48
27,DCBF,2022-10-07,23619.57
27,DCBF,2022-10-14,23626.6
27,DCBF,2022-10-21,23666.67
27,DCBF,2022-10-28,23687.0
27,DCBF,2022-11-04,23724.09
27,DCBF,2022-11-11,23745.98
27,DCBF,2022-11-18,23780.78
27,DCBF,2022-11-25,23498.3
27,DCBF,2022-12-02,23263.77
27,DCBF,2022-12-09,23133.93
27,DCBF,2022-12-16,23167.5
27,DCBF,2022-12-23,23219.5
27,DCBF,2022-12-30,23256.88
27,DCBF,2023-01-06,23277.66
27,DCBF,2023-01-13,23313.96
27,DCBF,2023-01-27,23318.3
27,DCBF,2023-02-03,23333.24
27,DCBF,2023-02-10,23367.69
27,DCBF,2023-02-17,23415.99
27,DCBF,2023-02-24,23453.4
27,DCBF,2023-03-03,23493.68
27,DCBF,2023-03-10,23528.3
27,DCBF,2023-03-17,23562.15
27,DCBF,2023-03-24,23620.14
27,DCBF,2023-03-31,23666.17
27,DCBF,2023-04-07,23706.42
27,DCBF,2023-04-14,23741.94
27,DCBF,2023-04-21,23765.31
27,DCBF,2023-04-28,23804.53
27,DCBF,2023-05-05,23844.67
27,DCBF,2023-05-12,23886.6
27,DCBF,2023-05-19,23942.97
27,DCBF,2023-05-26,23982.38
27,DCBF,2023-06-02,24031.95
27,DCBF,2023-06-09,24072.96
27,DCBF,2023-06-16,24108.28
27,DCBF,2023-06-23,24203.91
27,DCBF,2023-06-30,24198.08
27,DCBF,2023-07-07,24227.31
27,DCBF,2023-07-14,24279.59
27,DCBF,2023-07-21,24323.28
27,DCBF,2023-07-28,24382.76
27,DCBF,2023-08-04,24426.0
27,DCBF,2023-08-11,24473.3
27,DCBF,2023-08-18,24503.83
27,DCBF,2023-08-25,24536.65
27,DCBF,2023-09-08,24622.3
27,DCBF,2023-09-15,24662.55
27,DCBF,2023-09-22,24708.37
27,DCBF,2023-09-29,24751.71
27,DCBF,2023-10-06,24772.62
27,DCBF,2023-10-13,24830.28
27,DCBF,2023-10-20,24861.66
27,DCBF,2023-10-27,24903.15
27,DCBF,2023-11-03,24944.67
27,DCBF,2023-11-10,24986.29
27,DCBF,2023-11-17,25025.32
27,DCBF,2023-11-24,25092.66
27,DCBF,2023-12-01,25118.29
27,DCBF,2023-12-08,25219.46
27,DCBF,2023-12-15,25261.97
27,DCBF,2023-12-22,25311.12
27,DCBF,2023-12-29,25356.26
27,DCBF,2024-01-05,25389.96
27,DCBF,2024-01-12,25428.5
27,DCBF,2024-01-19,25456.36
27,DCBF,2024-01-26,25503.69
27,DCBF,2024-02-02,25509.67
27,DCBF,2024-02-16,25593.04
27,DCBF,2024-02-23,25627.99
27,DCBF,2024-03-01,25655.25
27,DCBF,2024-03-08,25681.52
27,DCBF,2024-03-15,25692.89
27,DCBF,2024-03-22,25717.61
27,DCBF,2024-03-29,25778.64
27,DCBF,2024-04-05,25807.15
27,DCBF,2024-04-12,25877.51
27,DCBF,2024-04-19,25894.48
27,DCBF,2024-04-26,25926.98
27,DCBF,2024-05-03,25970.64
27,DCBF,2024-05-10,26009.34
27,DCBF,2024-05-17,26025.89
27,DCBF,2024-05-24,26061.51
27,DCBF,2024-05-31,26103.44
27,DCBF,2024-06-07,26152.68
27,DCBF,2024-06-14,26179.32
27,DCBF,2024-06-21,26207.24
27,DCBF,2024-06-28,26282.14
27,DCBF,2024-07-05,26259.77
27,DCBF,2024-07-12,26305.22
27,DCBF,2024-07-19,26330.87
27,DCBF,2024-07-26,26358.48
27,DCBF,2024-08-02,26404.33
27,DCBF,2024-08-07,26420.51
27,DCBF,2024-08-09,26433.47
27,DCBF,2024-08-14,26448.85
27,DCBF,2024-08-16,26454.17
27,DCBF,2024-08-21,26476.74
27,DCBF,2024-08-23,26488.91
27,DCBF,2024-08-28,26487.04
27,DCBF,2024-08-30,26498.97
27,DCBF,2024-09-04,26534.95
27,DCBF,2024-09-06,26515.48
27,DCBF,2024-09-11,26541.17
27,DCBF,2024-09-13,26546.74
27,DCBF,2024-09-18,26579.27
27,DCBF,2024-09-20,26601.29
27,DCBF,2024-09-25,26623.63
27,DCBF,2024-09-27,26635.49
27,DCBF,2024-10-02,26660.78
27,DCBF,2024-10-04,26677.75
27,DCBF,2024-10-09,26694.74
27,DCBF,2024-10-11,26694.28
27,DCBF,2024-10-16,26721.7
27,DCBF,2024-10-18,26736.55
27,DCBF,2024-10-23,26753.92
27,DCBF,2024-10-25,26766.37
27,DCBF,2024-10-30,26797.1
27,DCBF,2024-11-01,26804.11
27,DCBF,2024-11-06,26824.08
27,DCBF,2024-11-08,26836.6
27,DCBF,2024-11-13,26861.76
27,DCBF,2024-11-15,26862.98
27,DCBF,2024-11-20,26879.23
27,DCBF,2024-11-22,26882.89
27,DCBF,2024-11-27,26918.08
27,DCBF,2024-11-29,26961.23
27,DCBF,2024-12-04,26984.31
27,DCBF,2024-12-06,26992.15
27,DCBF,2024-12-11,27011.08
27,DCBF,2024-12-13,27019.26
27,DCBF,2024-12-18,27049.27
27,DCBF,2024-12-20,27062.9
27,DCBF,2024-12-25,27093.42
27,DCBF,2024-12-27,27118.72
27,DCBF,2025-01-03,27125.34
27,DCBF,2025-01-08,27138.57
27,DCBF,2025-01-10,27146.34
27,DCBF,2025-01-15,27164.34
27,DCBF,2025-01-17,27179.98
27,DCBF,2025-01-22,27202.18
27,DCBF,2025-01-24,27212.53
27,DCBF,2025-02-03,27258.89
27,DCBF,2025-02-05,27208.69
27,DCBF,2025-02-07,27231.75
27,DCBF,2025-02-12,27324.3
27,DCBF,2025-02-14,27323.65
27,DCBF,2025-02-19,27347.59
27,DCBF,2025-02-21,27358.07
27,DCBF,2025-02-26,27383.55
27,DCBF,2025-02-28,27397.54
27,DCBF,2025-03-05,27421.53
27,DCBF,2025-03-07,27430.32
27,DCBF,2025-03-12,27451.92
27,DCBF,2025-03-14,27461.76
27,DCBF,2025-03-19,27502.85
27,DCBF,2025-03-21,27520.52
27,DCBF,2025-03-26,27535.38
27,DCBF,2025-03-28,27512.23
27,DCBF,2025-04-02,27562.71
27,DCBF,2025-04-04,27576.07
27,DCBF,2025-04-09,27598.08
27,DCBF,2025-04-11,27626.29
27,DCBF,2025-04-16,27627.03
27,DCBF,2025-04-18,27644.62
27,DCBF,2025-04-23,27690.73
27,DCBF,2025-04-25,27703.59
27,DCBF,2025-05-05,27716.92
27,DCBF,2025-05-07,27733.37
27,DCBF,2025-05-09,27734.85
27,DCBF,2025-05-14,27765.57
27,DCBF,2025-05-16,27779.9
27,DCBF,2025-05-21,27804.08
27,DCBF,2025-05-23,27831.04
27,DCBF,2025-05-28,27852.04
27,DCBF,2025-05-30,27848.68
27,DCBF,2025-06-04,27872.6
27,DCBF,2025-06-06,27882.9
27,DCBF,2025-06-11,27909.45
27,DCBF,2025-06-13,27920.85
27,DCBF,2025-06-18,27943.92
27,DCBF,2025-06-20,27953.79
27,DCBF,2025-06-25,27982.59
27,DCBF,2025-06-27,27983.85
27,DCBF,2025-07-02,28021.69
27,DCBF,2025-07-04,28031.04
27,DCBF,2025-07-09,28061.61
27,DCBF,2025-07-11,28070.59
27,DCBF,2025-07-16,28085.37
27,DCBF,2025-07-18,28102.03
27,DCBF,2025-07-23,28143.06
27,DCBF,2025-07-25,28153.11
27,DCBF,2025-07-30,28181.58
27,DCBF,2025-08-01,28190.83
27,DCBF,2025-08-06,28204.48
27,DCBF,2025-08-08,28230.19
27,DCBF,2025-08-13,28238.34
27,DCBF,2025-08-15,28250.33
27,DCBF,2025-08-20,28270.01
27,DCBF,2025-08-22,28283.0
27,DCBF,2025-08-27,28310.11
27,DCBF,2025-08-29,28324.02
27,DCBF,2025-09-03,28336.91
27,DCBF,2025-09-05,28357.58
27,DCBF,2025-09-10,28382.32
27,DCBF,2025-09-12,28395.48
27,DCBF,2025-09-17,28421.42
27,DCBF,2025-09-19,28431.98
27,DCBF,2025-09-24,28448.4
27,DCBF,2025-09-26,28452.84
27,DCBF,2025-10-01,28482.37
27,DCBF,2025-10-03,28492.84
27,DCBF,2025-10-08,28518.04
27,DCBF,2025-10-10,28515.91
27,DCBF,2025-10-15,28548.08
27,DCBF,2025-10-17,28560.29
27,DCBF,2025-10-22,28589.36
27,DCBF,2025-10-24,28596.32
27,DCBF,2025-10-29,28617.2
27,DCBF,2025-10-31,28643.19
27,DCBF,2025-11-05,28654.56
27,DCBF,2025-11-07,28660.19
27,DCBF,2025-11-12,28695.99
27,DCBF,2025-11-14,28728.86
27,DCBF,2025-11-19,28732.41
27,DCBF,2025-11-21,28739.97
27,DCBF,2025-11-26,28769.7
27,DCBF,2025-11-28,28800.67
27,DCBF,2025-12-03,28801.88
27,DCBF,2025-12-05,28818.61
27,DCBF,2025-12-10,28826.63
27,DCBF,2025-12-12,28859.78
27,DCBF,2025-12-17,28884.26
27,DCBF,2025-12-19,28914.22
27,DCBF,2025-12-24,28931.83
27,DCBF,2025-12-26,28939.65
27,DCBF,2025-12-31,28990.47
27,DCBF,2026-01-07,29009.27
27,DCBF,2026-01-09,29030.72
27,DCBF,2026-01-14,29048.46
27,DCBF,2026-01-16,29060.9
27,DCBF,2026-01-21,29072.24
27,DCBF,2026-01-23,29098.95
27,DCBF,2026-01-28,29095.83
27,DCBF,2026-01-30,29115.26
27,DCBF,2026-02-04,29126.42
27,DCBF,2026-02-06,29134.89
27,DCBF,2026-02-11,29169.8
27,DCBF,2026-02-13,29205.71
27,DCBF,2026-02-25,29293.51
27,DCBF,2026-02-27,29310.56
27,DCBF,2026-03-04,29329.17
27,DCBF,2026-03-06,29337.02
27,DCBF,2026-03-11,29372.28
27,DCBF,2026-03-13,29377.75
27,DCBF,2026-03-18,29388.58
27,DCBF,2026-03-20,29388.12
27,DCBF,2026-03-25,29431.19
27,DCBF,2026-03-27,29460.98
27,DCBF,2026-04-01,29467.8
27,DCBF,2026-04-03,29466.51
27,DCBF,2026-04-08,29499.77
27,DCBF,2026-04-10,29486.24
27,DCBF,2026-04-15,29501.06
27,DCBF,2026-04-17,29501.99
27,DCBF,2026-04-22,29537.23
27,DCBF,2026-04-24,29550.58
27,DCBF,2026-04-29,29592.02
27,DCBF,2026-05-06,29631.38
27,DCBF,2026-05-08,29640.05
27,DCBF,2026-05-11,29657.98
27,DCBF,2026-05-12,29671.19
27,DCBF,2026-05-13,29665.41
27,DCBF,2026-05-14,29671.86
27,DCBF,2026-05-15,29701.25
27,DCBF,2026-05-18,29730.39
27,DCBF,2026-05-19,29744.08
27,DCBF,2026-05-20,29753.72
27,DCBF,2026-05-21,29745.9
27,DCBF,2026-05-22,29749.79
27,DCBF,2026-05-25,29776.18
27,DCBF,2026-05-26,29779.63
27,DCBF,2026-05-27,29783.94
27,DCBF,2026-05-28,29799.23
27,DCBF,2026-05-29,29800.07
27,DCBF,2026-06-01,29798.93
27,DCBF,2026-06-02,29795.66
27,DCBF,2026-06-03,29799.73
27,DCBF,2026-06-04,29809.66
27,DCBF,2026-06-05,29809.57
27,DCBF,2026-06-08,29829.51
27,DCBF,2026-06-09,29833.22
27,DCBF,2026-06-10,29844.66
27,DCBF,2026-06-11,29845.48
27,DCBF,2026-06-12,29859.88
27,DCBF,2026-06-15,29884.81
27,DCBF,2026-06-16,29895.2
27,DCBF,2026-06-17,29882.8
27,DCBF,2026-06-18,29893.36
27,DCBF,2026-06-19,29896.05
27,DCBF,2026-06-22,29903.98
27,DCBF,2026-06-23,29893.5
27,DCBF,2026-06-24,29946.32
27,DCBF,2026-06-25,29948.03
27,DCBF,2026-06-26,29950.99
27,DCBF,2026-06-29,29969.1
27,DCBF,2026-06-30,29965.96
27,DCBF,2026-07-01,29981.2
27,DCBF,2026-07-02,29998.55
27,DCBF,2026-07-03,29992.37
27,DCBF,2026-07-06,30014.53
27,DCBF,2026-07-07,30012.16
27,DCBF,2026-07-08,30019.61
27,DCBF,2026-07-09,30017.24
27,DCBF,2026-07-10,30011.82
27,DCBF,2026-07-13,30041.63
27,DCBF,2026-07-14,30049.67
27,DCBF,2026-07-15,30054.01
27,DCBF,2026-07-16,30066.89
27,DCBF,2026-07-17,30075.69
27,DCBF,2026-07-20,30091.39
27,DCBF,2026-07-21,30092.04
27,DCBF,2026-07-22,30097.39
27,DCBF,2026-07-23,30098.15
27,DCBF,2026-07-24,30103.52
27,DCBF,2026-07-27,30133.75
27,DCBF,2026-07-28,30135.13
27,DCBF,2026-07-29,30160.29
27,DCBF,2026-07-30,30160.01
27,DCBF,2026-07-31,30168.48
27,DCBF,2026-08-03,30183.64
27,DCBF,2026-08-04,30186.65
27,DCBF,2026-08-05,30191.8
27,DCBF,2026-08-06,30202.49
27,DCBF,2026-08-07,30194.7
27,DCBF,2026-08-10,30213.28
27,DCBF,2026-08-11,30225.37
27,DCBF,2026-08-12,30230.81
27,DCBF,2026-08-13,30228.18
27,DCBF,2026-08-14,30233.07
27,DCBF,2026-08-17,30249.78
27,DCBF,2026-08-18,30258.19
27,DCBF,2026-08-19,30264.67
27,DCBF,2026-08-20,30281.64
27,DCBF,2026-08-21,30309.57
27,DCBF,2026-08-24,30301.74
27,DCBF,2026-08-25,30318.82
27,DCBF,2026-08-26,30331.82
27,DCBF,2026-08-27,30319.48
27,DCBF,2026-08-28,30319.34
27,DCBF,2026-09-03,30360.89
27,DCBF,2026-09-04,30381.3
27,DCBF,2026-09-07,30387.04
27,DCBF,2026-09-08,30401.82
27,DCBF,2026-09-09,30426.13
27,DCBF,2026-09-10,30452.23
27,DCBF,2026-09-11,30445.76
27,DCBF,2026-09-14,30471.04
27,DCBF,2026-09-15,30468.0
27,DCBF,2026-09-16,30499.47
27,DCBF,2026-09-17,30507.46
27,DCBF,2026-09-18,30524.38
27,DCBF,2026-09-21,30547.44
27,DCBF,2026-09-22,30566.81
27,DCBF,2026-09-23,30570.6
27,DCBF,2026-09-24,30577.85
27,DCBF,2026-09-25,30575.21
27,DCBF,2026-09-28,30606.29
27,DCBF,2026-09-29,30623.14
27,DCBF,2026-09-30,30610.27
27,DCBF,2026-10-01,30603.3
27,DCBF,2026-10-02,30608.22
27,DCBF,2026-10-05,30636.18
27,DCBF,2026-10-06,30640.01
28,DCDS,2020-01-01,40750.14
28,DCDS,2020-01-02,40749.71
28,DCDS,2020-01-03,41030.86
28,DCDS,2020-01-04,51858.31
28,DCDS,2020-01-05,52429.64
28,DCDS,2020-01-06,40870.29
28,DCDS,2020-01-07,40467.56
28,DCDS,2020-01-08,40692.84
28,DCDS,2020-01-09,40209.64
28,DCDS,2020-01-10,40703.68
28,DCDS,2020-01-13,40982.55
28,DCDS,2020-01-14,40848.37
28,DCDS,2020-01-15,40948.61
28,DCDS,2020-01-16,40956.77
28,DCDS,2020-01-17,41298.5
28,DCDS,2020-01-20,41442.16
28,DCDS,2020-01-21,41738.34
28,DCDS,2020-01-22,41888.9
28,DCDS,2020-01-30,42117.82
28,DCDS,2020-01-31,40901.7
28,DCDS,2020-02-01,39955.12
28,DCDS,2020-02-03,39954.12
28,DCDS,2020-02-04,39676.46
28,DCDS,2020-02-05,39793.12
28,DCDS,2020-02-06,39779.92
28,DCDS,2020-02-07,40407.53
28,DCDS,2020-02-10,40307.46
28,DCDS,2020-02-11,39804.46
28,DCDS,2020-02-12,40028.66
28,DCDS,2020-02-13,40425.4
28,DCDS,2020-02-14,40426.99
28,DCDS,2020-02-17,40468.01
28,DCDS,2020-02-18,40454.49
28,DCDS,2020-02-19,40607.53
28,DCDS,2020-02-20,40741.26
28,DCDS,2020-02-21,40952.86
28,DCDS,2020-02-24,40661.05
28,DCDS,2020-02-25,39292.75
28,DCDS,2020-02-26,39817.19
28,DCDS,2020-02-27,39511.28
28,DCDS,2020-02-28,39829.38
28,DCDS,2020-03-01,39231.04
28,DCDS,2020-03-02,39230.4
28,DCDS,2020-03-03,39342.68
28,DCDS,2020-03-04,39618.2
28,DCDS,2020-03-05,39515.79
28,DCDS,2020-03-06,39522.26
28,DCDS,2020-03-09,39333.57
28,DCDS,2020-03-10,37063.91
28,DCDS,2020-03-11,37168.84
28,DCDS,2020-03-12,35956.56
28,DCDS,2020-03-13,34154.75
28,DCDS,2020-03-16,33816.57
28,DCDS,2020-03-17,32986.94
28,DCDS,2020-03-18,33193.31
28,DCDS,2020-03-19,33299.35
28,DCDS,2020-03-20,32555.57
28,DCDS,2020-03-23,32237.23
28,DCDS,2020-03-24,30578.52
28,DCDS,2020-03-25,30381.69
28,DCDS,2020-03-26,31416.3
28,DCDS,2020-03-27,31139.19
28,DCDS,2020-03-30,30824.98
28,DCDS,2020-03-31,29779.52
28,DCDS,2020-04-01,29764.94
28,DCDS,2020-04-03,30470.51
28,DCDS,2020-04-06,31303.93
28,DCDS,2020-04-07,32622.84
28,DCDS,2020-04-08,33052.65
28,DCDS,2020-04-09,33046.54
28,DCDS,2020-04-10,33305.29
28,DCDS,2020-04-13,33097.37
28,DCDS,2020-04-14,33435.83
28,DCDS,2020-04-15,33641.76
28,DCDS,2020-04-16,34103.52
28,DCDS,2020-04-17,34185.6
28,DCDS,2020-04-20,34685.57
28,DCDS,2020-04-21,34927.11
28,DCDS,2020-04-22,33786.57
28,DCDS,2020-04-23,34224.95
28,DCDS,2020-04-24,34342.14
28,DCDS,2020-04-27,34429.33
28,DCDS,2020-04-28,34349.0
28,DCDS,2020-04-29,34241.51
28,DCDS,2020-05-01,34371.99
28,DCDS,2020-05-04,34371.79
28,DCDS,2020-05-05,34029.55
28,DCDS,2020-05-06,34154.47
28,DCDS,2020-05-07,34756.97
28,DCDS,2020-05-08,35274.91
28,DCDS,2020-05-11,35761.53
28,DCDS,2020-05-12,36291.34
28,DCDS,2020-05-13,36551.91
28,DCDS,2020-05-14,36774.76
28,DCDS,2020-05-15,36501.17
28,DCDS,2020-05-18,36216.27
28,DCDS,2020-05-19,36825.41
28,DCDS,2020-05-20,37286.6
28,DCDS,2020-05-21,37428.78
28,DCDS,2020-05-22,37682.07
28,DCDS,2020-05-25,37319.04
28,DCDS,2020-05-26,37770.66
28,DCDS,2020-05-27,38275.8
28,DCDS,2020-05-28,37552.51
28,DCDS,2020-05-29,37754.58
28,DCDS,2020-06-01,37922.07
28,DCDS,2020-06-02,38680.07
28,DCDS,2020-06-03,38329.14
28,DCDS,2020-06-04,38782.59
28,DCDS,2020-06-05,38826.46
28,DCDS,2020-06-08,39019.58
28,DCDS,2020-06-09,39638.4
28,DCDS,2020-06-10,39424.39
28,DCDS,2020-06-11,39519.35
28,DCDS,2020-06-12,37920.83
28,DCDS,2020-06-15,38023.05
28,DCDS,2020-06-16,36687.44
28,DCDS,2020-06-17,37566.0
28,DCDS,2020-06-18,37501.8
28,DCDS,2020-06-19,37643.46
28,DCDS,2020-06-22,38097.85
28,DCDS,2020-06-23,38210.69
28,DCDS,2020-06-24,38084.7
28,DCDS,2020-06-25,37750.18
28,DCDS,2020-06-26,37565.21
28,DCDS,2020-06-29,37512.88
28,DCDS,2020-06-30,36617.64
28,DCDS,2020-07-01,36401.9
28,DCDS,2020-07-02,37145.43
28,DCDS,2020-07-02,37167.51
28,DCDS,2020-07-06,37183.05
28,DCDS,2020-07-07,37631.18
28,DCDS,2020-07-08,37803.79
28,DCDS,2020-07-09,37866.39
28,DCDS,2020-07-10,38353.77
28,DCDS,2020-07-13,38089.46
28,DCDS,2020-07-14,38046.41
28,DCDS,2020-07-15,38115.31
28,DCDS,2020-07-16,38286.14
28,DCDS,2020-07-17,38462.82
28,DCDS,2020-07-20,38424.85
28,DCDS,2020-07-21,38120.65
28,DCDS,2020-07-22,38229.39
28,DCDS,2020-07-23,37972.2
28,DCDS,2020-07-24,38101.98
28,DCDS,2020-07-27,36892.89
28,DCDS,2020-07-28,35084.76
28,DCDS,2020-07-29,36363.44
28,DCDS,2020-07-30,35569.99
28,DCDS,2020-07-31,35961.48
28,DCDS,2020-08-01,35644.49
28,DCDS,2020-08-03,35642.94
28,DCDS,2020-08-04,36515.14
28,DCDS,2020-08-05,37037.24
28,DCDS,2020-08-06,37614.27
28,DCDS,2020-08-07,37639.24
28,DCDS,2020-08-10,37721.81
28,DCDS,2020-08-11,37821.16
28,DCDS,2020-08-12,37886.21
28,DCDS,2020-08-13,38017.63
28,DCDS,2020-08-14,38434.95
28,DCDS,2020-08-17,38308.54
28,DCDS,2020-08-18,38332.42
28,DCDS,2020-08-19,38180.23
28,DCDS,2020-08-20,38420.05
28,DCDS,2020-08-21,38401.63
28,DCDS,2020-08-24,38756.29
28,DCDS,2020-08-25,39249.47
28,DCDS,2020-08-26,39472.13
28,DCDS,2020-08-27,39384.93
28,DCDS,2020-08-28,39602.78
28,DCDS,2020-08-31,39806.96
28,DCDS,2020-09-01,39654.14
28,DCDS,2020-09-03,39949.55
28,DCDS,2020-09-04,40289.87
28,DCDS,2020-09-07,40220.79
28,DCDS,2020-09-08,39533.22
28,DCDS,2020-09-09,39764.91
28,DCDS,2020-09-10,39799.33
28,DCDS,2020-09-11,39847.54
28,DCDS,2020-09-14,39824.51
28,DCDS,2020-09-15,40001.34
28,DCDS,2020-09-16,40096.45
28,DCDS,2020-09-17,40183.05
28,DCDS,2020-09-18,40103.79
28,DCDS,2020-09-21,40440.71
28,DCDS,2020-09-22,40658.04
28,DCDS,2020-09-23,40682.15
28,DCDS,2020-09-24,41033.73
28,DCDS,2020-09-25,40867.79
28,DCDS,2020-09-28,40836.14
28,DCDS,2020-09-29,41111.16
28,DCDS,2020-09-30,40794.46
28,DCDS,2020-10-01,40900.53
28,DCDS,2020-10-02,41243.6
28,DCDS,2020-10-05,41019.09
28,DCDS,2020-10-06,41353.83
28,DCDS,2020-10-07,41567.98
28,DCDS,2020-10-08,41559.06
28,DCDS,2020-10-09,41566.05
28,DCDS,2020-10-12,41602.9
28,DCDS,2020-10-13,41527.41
28,DCDS,2020-10-14,41561.0
28,DCDS,2020-10-15,42026.92
28,DCDS,2020-10-16,42133.78
28,DCDS,2020-10-19,42390.95
28,DCDS,2020-10-20,42431.03
28,DCDS,2020-10-21,42602.84
28,DCDS,2020-10-22,42370.28
28,DCDS,2020-10-23,42825.51
28,DCDS,2020-10-26,43260.57
28,DCDS,2020-10-27,42892.6
28,DCDS,2020-10-28,42717.71
28,DCDS,2020-10-29,41632.81
28,DCDS,2020-10-30,41509.84
28,DCDS,2020-11-02,41763.13
28,DCDS,2020-11-02,41763.13
28,DCDS,2020-11-03,42207.23
28,DCDS,2020-11-03,42207.23
28,DCDS,2020-11-04,42422.26
28,DCDS,2020-11-04,42422.26
28,DCDS,2020-11-05,42557.89
28,DCDS,2020-11-05,42806.45
28,DCDS,2020-11-06,42557.89
28,DCDS,2020-11-08,42614.43
28,DCDS,2020-11-09,43284.23
28,DCDS,2020-11-09,42614.43
28,DCDS,2020-11-10,43255.07
28,DCDS,2020-11-10,43284.23
28,DCDS,2020-11-11,43374.63
28,DCDS,2020-11-11,43255.07
28,DCDS,2020-11-12,43815.31
28,DCDS,2020-11-12,43374.63
28,DCDS,2020-11-15,44272.54
28,DCDS,2020-11-16,43979.4
28,DCDS,2020-11-17,44802.48
28,DCDS,2020-11-18,45102.37
28,DCDS,2020-11-19,45670.87
28,DCDS,2020-11-22,46021.75
28,DCDS,2020-11-23,46424.68
28,DCDS,2020-11-24,46303.44
28,DCDS,2020-11-25,46218.1
28,DCDS,2020-11-26,46286.34
28,DCDS,2020-11-29,46707.04
28,DCDS,2020-11-30,46539.94
28,DCDS,2020-12-01,46753.86
28,DCDS,2020-12-02,47080.63
28,DCDS,2020-12-03,47636.92
28,DCDS,2020-12-06,47672.46
28,DCDS,2020-12-07,47883.07
28,DCDS,2020-12-08,47889.22
28,DCDS,2020-12-09,48279.98
28,DCDS,2020-12-10,47645.08
28,DCDS,2020-12-13,48204.46
28,DCDS,2020-12-14,48906.84
28,DCDS,2020-12-16,49674.01
28,DCDS,2020-12-17,49205.44
28,DCDS,2020-12-20,49908.91
28,DCDS,2020-12-21,50247.84
28,DCDS,2020-12-22,50641.88
28,DCDS,2020-12-23,50200.57
28,DCDS,2020-12-24,49569.28
28,DCDS,2020-12-27,50394.82
28,DCDS,2020-12-28,50480.11
28,DCDS,2020-12-29,50636.23
28,DCDS,2020-12-30,50539.17
28,DCDS,2021-01-06,52856.94
28,DCDS,2021-01-07,53401.91
28,DCDS,2021-01-10,53892.11
28,DCDS,2021-01-11,54590.58
28,DCDS,2021-01-12,54973.39
28,DCDS,2021-01-13,54736.45
28,DCDS,2021-01-14,54736.45
28,DCDS,2021-01-15,54854.06
28,DCDS,2021-01-17,55310.58
28,DCDS,2021-01-18,55045.93
28,DCDS,2021-01-19,52675.76
28,DCDS,2021-01-21,54390.63
28,DCDS,2021-01-24,54733.58
28,DCDS,2021-01-25,54968.63
28,DCDS,2021-01-26,53980.24
28,DCDS,2021-01-27,52161.27
28,DCDS,2021-01-28,48674.83
28,DCDS,2021-01-31,50529.58
28,DCDS,2021-02-01,49302.93
28,DCDS,2021-02-02,50877.9
28,DCDS,2021-02-03,52399.17
28,DCDS,2021-02-04,52686.57
28,DCDS,2021-02-07,53357.25
28,DCDS,2021-02-08,51781.63
28,DCDS,2021-02-16,52904.89
28,DCDS,2021-02-17,54811.59
28,DCDS,2021-02-18,55441.56
28,DCDS,2021-02-21,55213.99
28,DCDS,2021-02-22,55154.69
28,DCDS,2021-02-24,54660.33
28,DCDS,2021-02-25,54949.67
28,DCDS,2021-02-28,55241.34
28,DCDS,2021-03-01,55978.08
28,DCDS,2021-03-02,56079.72
28,DCDS,2021-03-03,56311.19
28,DCDS,2021-03-04,55407.1
28,DCDS,2021-03-07,55400.64
28,DCDS,2021-03-08,55432.11
28,DCDS,2021-03-09,55168.67
28,DCDS,2021-03-10,55570.51
28,DCDS,2021-03-11,56292.92
28,DCDS,2021-03-15,56315.47
28,DCDS,2021-03-16,56251.11
28,DCDS,2021-03-17,56432.96
28,DCDS,2021-03-18,56933.46
28,DCDS,2021-03-21,56662.59
28,DCDS,2021-03-23,55918.89
28,DCDS,2021-03-24,54882.94
28,DCDS,2021-03-25,54772.87
28,DCDS,2021-03-28,54882.9
28,DCDS,2021-03-29,55275.64
28,DCDS,2021-03-31,55857.15
28,DCDS,2021-04-01,56927.47
28,DCDS,2021-04-04,57324.6
28,DCDS,2021-04-05,57613.77
28,DCDS,2021-04-07,57810.02
28,DCDS,2021-04-08,57597.32
28,DCDS,2021-04-11,57563.41
28,DCDS,2021-04-12,58331.34
28,DCDS,2021-04-13,57634.66
28,DCDS,2021-04-14,58529.81
28,DCDS,2021-04-15,58287.81
28,DCDS,2021-04-18,58012.97
28,DCDS,2021-04-19,59297.25
28,DCDS,2021-04-20,59297.25
28,DCDS,2021-04-21,59352.09
28,DCDS,2021-04-22,59352.09
28,DCDS,2021-04-25,58996.84
28,DCDS,2021-04-27,58203.18
28,DCDS,2021-04-28,58558.61
28,DCDS,2021-05-04,59894.95
28,DCDS,2021-05-06,60463.09
28,DCDS,2021-05-09,60554.5
28,DCDS,2021-05-10,61396.61
28,DCDS,2021-05-11,61186.44
28,DCDS,2021-05-12,62202.05
28,DCDS,2021-05-13,61782.44
28,DCDS,2021-05-17,61515.33
28,DCDS,2021-05-18,61892.19
28,DCDS,2021-05-19,62849.2
28,DCDS,2021-05-20,63649.4
28,DCDS,2021-05-23,63471.88
28,DCDS,2021-05-24,63709.92
28,DCDS,2021-05-25,64449.54
28,DCDS,2021-05-26,64717.82
28,DCDS,2021-05-27,64035.96
28,DCDS,2021-05-30,65017.68
28,DCDS,2021-05-31,66307.95
28,DCDS,2021-06-01,66788.56
28,DCDS,2021-06-02,66856.37
28,DCDS,2021-06-03,67796.19
28,DCDS,2021-06-06,68031.12
28,DCDS,2021-06-07,66807.47
28,DCDS,2021-06-08,64629.9
28,DCDS,2021-06-09,65418.51
28,DCDS,2021-06-10,65453.08
28,DCDS,2021-06-13,66982.99
28,DCDS,2021-06-14,67410.89
28,DCDS,2021-06-15,67285.83
28,DCDS,2021-06-16,66477.72
28,DCDS,2021-06-17,66705.5
28,DCDS,2021-06-20,67549.75
28,DCDS,2021-06-21,67447.16
28,DCDS,2021-06-22,67682.77
28,DCDS,2021-06-23,67625.14
28,DCDS,2021-06-24,67410.66
28,DCDS,2021-06-27,67965.32
28,DCDS,2021-06-28,69121.09
28,DCDS,2021-06-29,69129.1
28,DCDS,2021-06-30,69108.95
28,DCDS,2021-07-01,70004.92
28,DCDS,2021-07-04,70485.91
28,DCDS,2021-07-05,70907.25
28,DCDS,2021-07-06,67634.45
28,DCDS,2021-07-07,69283.88
28,DCDS,2021-07-08,68674.4
28,DCDS,2021-07-11,67631.03
28,DCDS,2021-07-12,65212.77
28,DCDS,2021-07-13,65466.55
28,DCDS,2021-07-14,64237.57
28,DCDS,2021-07-15,65502.06
28,DCDS,2021-07-18,65905.57
28,DCDS,2021-07-19,63302.94
28,DCDS,2021-07-20,65161.97
28,DCDS,2021-07-21,65154.01
28,DCDS,2021-07-22,66070.83
28,DCDS,2021-07-25,64985.34
28,DCDS,2021-07-26,65164.93
28,DCDS,2021-07-27,65689.48
28,DCDS,2021-07-28,65727.14
28,DCDS,2021-07-29,66871.57
28,DCDS,2021-08-01,67860.15
28,DCDS,2021-08-02,68269.28
28,DCDS,2021-08-03,69074.75
28,DCDS,2021-08-04,69287.12
28,DCDS,2021-08-05,70312.75
28,DCDS,2021-08-08,70000.39
28,DCDS,2021-08-09,71304.98
28,DCDS,2021-08-10,71465.27
28,DCDS,2021-08-11,71316.18
28,DCDS,2021-08-12,70679.93
28,DCDS,2021-08-15,71102.64
28,DCDS,2021-08-16,72219.27
28,DCDS,2021-08-17,72226.38
28,DCDS,2021-08-18,72170.0
28,DCDS,2021-08-19,72535.61
28,DCDS,2021-08-22,70453.09
28,DCDS,2021-08-23,68839.0
28,DCDS,2021-08-24,68709.87
28,DCDS,2021-08-25,69431.92
28,DCDS,2021-08-26,69126.8
28,DCDS,2021-08-29,69538.42
28,DCDS,2021-08-30,70619.91
28,DCDS,2021-08-31,70752.96
28,DCDS,2021-09-05,71068.62
28,DCDS,2021-09-06,72090.64
28,DCDS,2021-09-07,71955.84
28,DCDS,2021-09-08,71882.43
28,DCDS,2021-09-09,72802.97
28,DCDS,2021-09-12,72601.08
28,DCDS,2021-09-13,72261.06
28,DCDS,2021-09-14,71917.89
28,DCDS,2021-09-15,72753.33
28,DCDS,2021-09-16,72878.34
28,DCDS,2021-09-19,73602.8
28,DCDS,2021-09-20,73103.74
28,DCDS,2021-09-21,73026.54
28,DCDS,2021-09-22,73418.07
28,DCDS,2021-09-23,73295.12
28,DCDS,2021-09-26,72908.62
28,DCDS,2021-09-27,71375.18
28,DCDS,2021-09-28,72584.47
28,DCDS,2021-09-29,72703.77
28,DCDS,2021-09-30,72792.01
28,DCDS,2021-10-03,72379.84
28,DCDS,2021-10-04,73140.84
28,DCDS,2021-10-05,73734.96
28,DCDS,2021-10-06,74262.8
28,DCDS,2021-10-07,74618.45
28,DCDS,2021-10-10,74836.99
28,DCDS,2021-10-11,75900.37
28,DCDS,2021-10-12,76065.31
28,DCDS,2021-10-13,76050.66
28,DCDS,2021-10-14,76190.3
28,DCDS,2021-10-17,76773.03
28,DCDS,2021-10-18,77192.28
28,DCDS,2021-10-19,77074.01
28,DCDS,2021-10-20,77149.95
28,DCDS,2021-10-21,77202.54
28,DCDS,2021-10-24,77015.96
28,DCDS,2021-10-25,75712.38
28,DCDS,2021-10-26,76621.54
28,DCDS,2021-10-27,78002.34
28,DCDS,2021-10-28,78567.96
28,DCDS,2021-10-31,78334.49
28,DCDS,2021-11-01,77831.07
28,DCDS,2021-11-02,78204.2
28,DCDS,2021-11-03,77795.49
28,DCDS,2021-11-04,78503.99
28,DCDS,2021-11-07,79013.47
28,DCDS,2021-11-08,79335.29
28,DCDS,2021-11-09,79260.06
28,DCDS,2021-11-10,79041.39
28,DCDS,2021-11-11,78535.06
28,DCDS,2021-11-14,79081.33
28,DCDS,2021-11-15,79126.41
28,DCDS,2021-11-16,78575.54
28,DCDS,2021-11-17,78857.87
28,DCDS,2021-11-18,78534.43
28,DCDS,2021-11-21,77437.67
28,DCDS,2021-11-22,77282.96
28,DCDS,2021-11-23,78638.16
28,DCDS,2021-11-24,79860.7
28,DCDS,2021-11-25,80499.98
28,DCDS,2021-11-28,79689.45
28,DCDS,2021-11-29,78922.61
28,DCDS,2021-11-30,78721.73
28,DCDS,2021-12-01,79121.99
28,DCDS,2021-12-02,78542.28
28,DCDS,2021-12-05,76329.17
28,DCDS,2021-12-06,74624.76
28,DCDS,2021-12-07,76092.6
28,DCDS,2021-12-08,76491.84
28,DCDS,2021-12-09,77428.9
28,DCDS,2021-12-12,77443.03
28,DCDS,2021-12-13,77839.72
28,DCDS,2021-12-14,77807.58
28,DCDS,2021-12-15,77731.81
28,DCDS,2021-12-16,77356.38
28,DCDS,2021-12-19,77678.33
28,DCDS,2021-12-20,77853.49
28,DCDS,2021-12-21,78065.47
28,DCDS,2021-12-22,77659.79
28,DCDS,2021-12-23,76246.02
28,DCDS,2021-12-26,77427.81
28,DCDS,2021-12-27,77560.32
28,DCDS,2021-12-28,77846.91
28,DCDS,2021-12-29,77513.24
28,DCDS,2021-12-30,78132.88
28,DCDS,2022-01-03,78539.15
28,DCDS,2022-01-04,79492.4
28,DCDS,2022-01-05,79243.26
28,DCDS,2022-01-06,78936.9
28,DCDS,2022-01-09,78541.78
28,DCDS,2022-01-10,76997.11
28,DCDS,2022-01-11,76065.25
28,DCDS,2022-01-12,77327.34
28,DCDS,2022-01-13,76631.93
28,DCDS,2022-01-16,76306.32
28,DCDS,2022-01-17,73351.62
28,DCDS,2022-01-18,72729.95
28,DCDS,2022-01-19,73636.59
28,DCDS,2022-01-20,74545.07
28,DCDS,2022-01-23,74807.46
28,DCDS,2022-01-24,72858.48
28,DCDS,2022-01-25,74640.75
28,DCDS,2022-01-26,74974.44
28,DCDS,2022-01-27,74400.27
28,DCDS,2022-02-06,75228.2
28,DCDS,2022-02-07,75781.45
28,DCDS,2022-02-08,76498.48
28,DCDS,2022-02-09,76834.33
28,DCDS,2022-02-10,76886.12
28,DCDS,2022-02-13,76903.24
28,DCDS,2022-02-14,75244.14
28,DCDS,2022-02-15,76087.64
28,DCDS,2022-02-16,76210.42
28,DCDS,2022-02-17,77011.61
28,DCDS,2022-02-20,77099.53
28,DCDS,2022-02-21,77286.07
28,DCDS,2022-02-22,77161.0
28,DCDS,2022-02-23,77694.83
28,DCDS,2022-02-24,77094.54
28,DCDS,2022-02-25,77094.54
28,DCDS,2022-02-27,77616.18
28,DCDS,2022-02-28,77569.67
28,DCDS,2022-03-01,77714.94
28,DCDS,2022-03-02,76728.44
28,DCDS,2022-03-03,77831.24
28,DCDS,2022-03-06,78002.28
28,DCDS,2022-03-07,77395.3
28,DCDS,2022-03-08,76002.21
28,DCDS,2022-03-09,76142.19
28,DCDS,2022-03-10,76605.87
28,DCDS,2022-03-13,76196.22
28,DCDS,2022-03-14,75281.81
28,DCDS,2022-03-15,75601.18
28,DCDS,2022-03-16,76034.0
28,DCDS,2022-03-17,76075.67
28,DCDS,2022-03-20,76352.3
28,DCDS,2022-03-21,77312.58
28,DCDS,2022-03-22,77826.5
28,DCDS,2022-03-23,77777.19
28,DCDS,2022-03-24,77685.58
28,DCDS,2022-03-27,77973.06
28,DCDS,2022-03-28,77630.94
28,DCDS,2022-03-29,78351.87
28,DCDS,2022-03-30,77705.01
28,DCDS,2022-03-31,77555.66
28,DCDS,2022-04-03,78985.26
28,DCDS,2022-04-04,78874.01
28,DCDS,2022-04-05,78605.79
28,DCDS,2022-04-06,78994.11
28,DCDS,2022-04-07,77796.39
28,DCDS,2022-04-11,76459.57
28,DCDS,2022-04-12,75232.21
28,DCDS,2022-04-13,76640.54
28,DCDS,2022-04-14,76393.61
28,DCDS,2022-04-17,75470.27
28,DCDS,2022-04-18,73801.39
28,DCDS,2022-04-19,72120.23
28,DCDS,2022-04-20,71138.37
28,DCDS,2022-04-21,70633.42
28,DCDS,2022-04-24,70452.08
28,DCDS,2022-04-25,66677.23
28,DCDS,2022-04-26,67957.56
28,DCDS,2022-04-27,68608.23
28,DCDS,2022-04-28,68602.13
28,DCDS,2022-05-03,69739.8
28,DCDS,2022-05-04,68562.18
28,DCDS,2022-05-05,68293.27
28,DCDS,2022-05-08,66719.99
28,DCDS,2022-05-09,62975.34
28,DCDS,2022-05-10,64170.05
28,DCDS,2022-05-11,64572.69
28,DCDS,2022-05-12,61161.19
28,DCDS,2022-05-15,57855.58
28,DCDS,2022-05-16,57171.9
28,DCDS,2022-05-17,60238.62
28,DCDS,2022-05-18,60871.35
28,DCDS,2022-05-19,60924.66
28,DCDS,2022-05-22,61239.2
28,DCDS,2022-05-23,60215.81
28,DCDS,2022-05-24,60980.71
28,DCDS,2022-05-25,63072.0
28,DCDS,2022-05-26,63065.51
28,DCDS,2022-05-29,63774.16
28,DCDS,2022-05-30,64225.44
28,DCDS,2022-05-31,64144.55
28,DCDS,2022-06-01,64495.66
28,DCDS,2022-06-02,64041.08
28,DCDS,2022-06-05,64665.82
28,DCDS,2022-06-06,64640.63
28,DCDS,2022-06-07,65160.67
28,DCDS,2022-06-08,65936.09
28,DCDS,2022-06-09,66174.33
28,DCDS,2022-06-12,64346.31
28,DCDS,2022-06-13,61466.64
28,DCDS,2022-06-14,62123.3
28,DCDS,2022-06-15,61983.21
28,DCDS,2022-06-17,63359.47
28,DCDS,2022-06-19,62755.25
28,DCDS,2022-06-20,60761.88
28,DCDS,2022-06-21,59335.93
28,DCDS,2022-06-22,58325.33
28,DCDS,2022-06-23,60370.12
28,DCDS,2022-06-27,60078.67
28,DCDS,2022-06-28,60884.46
28,DCDS,2022-06-29,61655.77
28,DCDS,2022-06-30,61637.06
28,DCDS,2022-07-01,60564.74
28,DCDS,2022-07-04,60314.98
28,DCDS,2022-07-05,59675.77
28,DCDS,2022-07-06,58548.68
28,DCDS,2022-07-07,56871.63
28,DCDS,2022-07-08,57575.58
28,DCDS,2022-07-11,58008.56
28,DCDS,2022-07-12,56924.74
28,DCDS,2022-07-13,58236.9
28,DCDS,2022-07-14,57934.2
28,DCDS,2022-07-15,58290.81
28,DCDS,2022-07-18,58072.74
28,DCDS,2022-07-19,58140.59
28,DCDS,2022-07-20,58241.57
28,DCDS,2022-07-21,59262.16
28,DCDS,2022-07-22,59479.01
28,DCDS,2022-07-25,59387.37
28,DCDS,2022-07-26,58917.39
28,DCDS,2022-07-27,58573.76
28,DCDS,2022-07-28,58926.31
28,DCDS,2022-07-29,59754.62
28,DCDS,2022-08-01,59813.78
28,DCDS,2022-08-02,60814.51
28,DCDS,2022-08-03,60962.67
28,DCDS,2022-08-04,61615.11
28,DCDS,2022-08-05,61543.99
28,DCDS,2022-08-08,61671.34
28,DCDS,2022-08-09,62062.59
28,DCDS,2022-08-10,62043.82
28,DCDS,2022-08-11,61987.49
28,DCDS,2022-08-12,61578.76
28,DCDS,2022-08-15,62256.95
28,DCDS,2022-08-16,62852.95
28,DCDS,2022-08-17,62937.35
28,DCDS,2022-08-18,62974.6
28,DCDS,2022-08-19,62826.08
28,DCDS,2022-08-22,62784.33
28,DCDS,2022-08-23,62580.78
28,DCDS,2022-08-24,63164.49
28,DCDS,2022-08-25,63511.35
28,DCDS,2022-08-26,63839.5
28,DCDS,2022-08-29,63767.74
28,DCDS,2022-08-30,63569.04
28,DCDS,2022-08-31,63607.06
28,DCDS,2022-09-05,63801.29
28,DCDS,2022-09-06,63536.69
28,DCDS,2022-09-07,63492.88
28,DCDS,2022-09-08,61600.47
28,DCDS,2022-09-09,61345.52
28,DCDS,2022-09-12,62135.87
28,DCDS,2022-09-13,62314.88
28,DCDS,2022-09-14,62266.77
28,DCDS,2022-09-15,62084.13
28,DCDS,2022-09-16,62119.94
28,DCDS,2022-09-19,61279.92
28,DCDS,2022-09-20,59529.02
28,DCDS,2022-09-21,60247.35
28,DCDS,2022-09-22,59778.51
28,DCDS,2022-09-23,60075.7
28,DCDS,2022-09-26,59551.46
28,DCDS,2022-09-27,57847.74
28,DCDS,2022-09-28,57287.8
28,DCDS,2022-09-29,56219.77
28,DCDS,2022-09-30,55268.09
28,DCDS,2022-10-03,55957.23
28,DCDS,2022-10-04,53402.85
28,DCDS,2022-10-05,53128.59
28,DCDS,2022-10-06,54356.85
28,DCDS,2022-10-07,52939.31
28,DCDS,2022-10-10,51465.02
28,DCDS,2022-10-11,52561.72
28,DCDS,2022-10-12,51155.08
28,DCDS,2022-10-13,52624.72
28,DCDS,2022-10-14,53267.89
28,DCDS,2022-10-17,54241.5
28,DCDS,2022-10-18,54168.7
28,DCDS,2022-10-19,54410.68
28,DCDS,2022-10-20,54364.4
28,DCDS,2022-10-21,54091.47
28,DCDS,2022-10-24,52031.09
28,DCDS,2022-10-25,50597.41
28,DCDS,2022-10-26,51329.82
28,DCDS,2022-10-27,51076.8
28,DCDS,2022-10-28,52597.99
28,DCDS,2022-10-31,52575.86
28,DCDS,2022-11-01,52403.24
28,DCDS,2022-11-02,52506.96
28,DCDS,2022-11-03,52037.84
28,DCDS,2022-11-04,52199.79
28,DCDS,2022-11-07,50904.81
28,DCDS,2022-11-08,49921.88
28,DCDS,2022-11-09,50560.43
28,DCDS,2022-11-10,50703.78
28,DCDS,2022-11-11,48933.62
28,DCDS,2022-11-14,49318.96
28,DCDS,2022-11-15,48420.94
28,DCDS,2022-11-16,46614.28
28,DCDS,2022-11-17,47520.85
28,DCDS,2022-11-18,48401.16
28,DCDS,2022-11-21,48622.07
28,DCDS,2022-11-22,48452.48
28,DCDS,2022-11-23,48316.95
28,DCDS,2022-11-24,48039.84
28,DCDS,2022-11-25,47934.2
28,DCDS,2022-11-28,49020.22
28,DCDS,2022-11-29,50652.75
28,DCDS,2022-11-30,51954.99
28,DCDS,2022-12-01,52802.88
28,DCDS,2022-12-02,52112.55
28,DCDS,2022-12-05,54290.87
28,DCDS,2022-12-06,54918.57
28,DCDS,2022-12-07,52996.7
28,DCDS,2022-12-08,52655.57
28,DCDS,2022-12-09,53434.12
28,DCDS,2022-12-12,53706.27
28,DCDS,2022-12-13,52726.55
28,DCDS,2022-12-14,53780.9
28,DCDS,2022-12-15,53977.6
28,DCDS,2022-12-16,54335.31
28,DCDS,2022-12-19,54459.71
28,DCDS,2022-12-20,53452.66
28,DCDS,2022-12-21,52681.45
28,DCDS,2022-12-22,52232.23
28,DCDS,2022-12-23,52485.84
28,DCDS,2022-12-26,52249.1
28,DCDS,2022-12-27,49860.87
28,DCDS,2022-12-28,51188.62
28,DCDS,2022-12-29,51604.98
28,DCDS,2022-12-30,51200.28
28,DCDS,2023-01-03,51528.68
28,DCDS,2023-01-04,53093.8
28,DCDS,2023-01-05,53192.96
28,DCDS,2023-01-06,53681.55
28,DCDS,2023-01-09,53299.74
28,DCDS,2023-01-10,53046.41
28,DCDS,2023-01-11,52934.72
28,DCDS,2023-01-12,53063.67
28,DCDS,2023-01-13,53056.47
28,DCDS,2023-01-16,53141.92
28,DCDS,2023-01-17,53395.75
28,DCDS,2023-01-18,54677.84
28,DCDS,2023-01-19,55244.64
28,DCDS,2023-01-27,55716.22
28,DCDS,2023-01-30,55929.87
28,DCDS,2023-01-31,55445.65
28,DCDS,2023-02-01,56132.72
28,DCDS,2023-02-02,54220.3
28,DCDS,2023-02-03,54343.2
28,DCDS,2023-02-06,54127.15
28,DCDS,2023-02-07,54565.79
28,DCDS,2023-02-08,53512.55
28,DCDS,2023-02-09,53690.81
28,DCDS,2023-02-10,53425.47
28,DCDS,2023-02-13,52831.83
28,DCDS,2023-02-14,52149.21
28,DCDS,2023-02-15,52149.14
28,DCDS,2023-02-16,52749.7
28,DCDS,2023-02-17,53601.64
28,DCDS,2023-02-20,53615.3
28,DCDS,2023-02-21,55030.26
28,DCDS,2023-02-22,54681.09
28,DCDS,2023-02-23,53191.92
28,DCDS,2023-02-24,53442.19
28,DCDS,2023-02-27,52429.43
28,DCDS,2023-02-28,51278.13
28,DCDS,2023-03-01,51495.91
28,DCDS,2023-03-02,52581.45
28,DCDS,2023-03-03,52455.08
28,DCDS,2023-03-06,51697.27
28,DCDS,2023-03-07,51920.28
28,DCDS,2023-03-08,52544.94
28,DCDS,2023-03-09,53322.71
28,DCDS,2023-03-10,53498.21
28,DCDS,2023-03-13,53207.05
28,DCDS,2023-03-14,53076.03
28,DCDS,2023-03-15,52084.89
28,DCDS,2023-03-16,53499.83
28,DCDS,2023-03-17,52737.67
28,DCDS,2023-03-20,52644.66
28,DCDS,2023-03-21,51483.69
28,DCDS,2023-03-22,52086.95
28,DCDS,2023-03-23,52475.09
28,DCDS,2023-03-24,52750.24
28,DCDS,2023-03-27,52848.72
28,DCDS,2023-03-28,53162.89
28,DCDS,2023-03-29,53138.94
28,DCDS,2023-03-30,53281.24
28,DCDS,2023-03-31,53350.36
28,DCDS,2023-04-03,53653.34
28,DCDS,2023-04-04,54628.12
28,DCDS,2023-04-05,54719.93
28,DCDS,2023-04-06,54938.67
28,DCDS,2023-04-07,54148.94
28,DCDS,2023-04-10,54252.4
28,DCDS,2023-04-11,54103.74
28,DCDS,2023-04-12,54471.43
28,DCDS,2023-04-13,54593.28
28,DCDS,2023-04-14,54325.09
28,DCDS,2023-04-17,53294.63
28,DCDS,2023-04-18,53545.26
28,DCDS,2023-04-19,53819.33
28,DCDS,2023-04-20,53420.73
28,DCDS,2023-04-21,53306.93
28,DCDS,2023-04-24,53057.75
28,DCDS,2023-04-25,53063.0
28,DCDS,2023-04-26,52703.89
28,DCDS,2023-04-27,53081.64
28,DCDS,2023-04-28,53135.97
28,DCDS,2023-05-04,53772.17
28,DCDS,2023-05-05,53431.39
28,DCDS,2023-05-08,53337.63
28,DCDS,2023-05-09,53853.22
28,DCDS,2023-05-10,53901.98
28,DCDS,2023-05-11,54277.9
28,DCDS,2023-05-12,54350.87
28,DCDS,2023-05-15,54974.91
28,DCDS,2023-05-16,54596.33
28,DCDS,2023-05-17,54669.03
28,DCDS,2023-05-18,54096.77
28,DCDS,2023-05-19,54471.82
28,DCDS,2023-05-22,54710.55
28,DCDS,2023-05-23,55077.99
28,DCDS,2023-05-24,54927.43
28,DCDS,2023-05-25,54644.79
28,DCDS,2023-05-26,54610.51
28,DCDS,2023-05-29,54708.16
28,DCDS,2023-05-30,55418.75
28,DCDS,2023-05-31,56000.32
28,DCDS,2023-06-01,55818.26
28,DCDS,2023-06-02,56103.57
28,DCDS,2023-06-05,56720.56
28,DCDS,2023-06-06,56724.67
28,DCDS,2023-06-07,57389.23
28,DCDS,2023-06-08,57758.69
28,DCDS,2023-06-09,56881.42
28,DCDS,2023-06-12,57529.95
28,DCDS,2023-06-13,58016.52
28,DCDS,2023-06-14,58233.15
28,DCDS,2023-06-15,57776.78
28,DCDS,2023-06-16,57980.83
28,DCDS,2023-06-19,58061.72
28,DCDS,2023-06-20,57897.1
28,DCDS,2023-06-21,58622.47
28,DCDS,2023-06-22,59186.55
28,DCDS,2023-06-23,59638.01
28,DCDS,2023-06-26,59626.86
28,DCDS,2023-06-27,59755.59
28,DCDS,2023-06-28,59918.8
28,DCDS,2023-06-29,60022.24
28,DCDS,2023-06-30,59027.43
28,DCDS,2023-07-03,59090.99
28,DCDS,2023-07-04,59321.02
28,DCDS,2023-07-05,59943.13
28,DCDS,2023-07-06,60121.27
28,DCDS,2023-07-07,59624.64
28,DCDS,2023-07-10,60527.34
28,DCDS,2023-07-11,61102.02
28,DCDS,2023-07-12,61234.62
28,DCDS,2023-07-13,61355.27
28,DCDS,2023-07-14,62066.76
28,DCDS,2023-07-17,62389.28
28,DCDS,2023-07-18,62495.58
28,DCDS,2023-07-19,62452.41
28,DCDS,2023-07-20,62374.33
28,DCDS,2023-07-21,62599.87
28,DCDS,2023-07-24,63783.41
28,DCDS,2023-07-25,64136.49
28,DCDS,2023-07-26,64162.49
28,DCDS,2023-07-27,64410.99
28,DCDS,2023-07-28,64493.46
28,DCDS,2023-07-31,65144.15
28,DCDS,2023-08-01,65619.23
28,DCDS,2023-08-02,64736.09
28,DCDS,2023-08-03,65096.32
28,DCDS,2023-08-04,64745.63
28,DCDS,2023-08-07,65571.44
28,DCDS,2023-08-08,66302.91
28,DCDS,2023-08-09,65887.7
28,DCDS,2023-08-10,65545.36
28,DCDS,2023-08-11,64573.31
28,DCDS,2023-08-14,65251.23
28,DCDS,2023-08-15,65918.39
28,DCDS,2023-08-16,65876.18
28,DCDS,2023-08-17,66186.98
28,DCDS,2023-08-18,65845.97
28,DCDS,2023-08-21,62590.01
28,DCDS,2023-08-22,62700.48
28,DCDS,2023-08-23,63184.31
28,DCDS,2023-08-24,62613.37
28,DCDS,2023-08-25,64179.56
28,DCDS,2023-08-28,64201.58
28,DCDS,2023-08-29,65554.23
28,DCDS,2023-08-30,65961.99
28,DCDS,2023-08-31,67055.43
28,DCDS,2023-09-05,67778.38
28,DCDS,2023-09-06,68245.25
28,DCDS,2023-09-07,69204.87
28,DCDS,2023-09-08,69045.8
28,DCDS,2023-09-11,69282.16
28,DCDS,2023-09-12,68062.92
28,DCDS,2023-09-13,69697.18
28,DCDS,2023-09-14,69394.88
28,DCDS,2023-09-15,68516.88
28,DCDS,2023-09-18,68864.63
28,DCDS,2023-09-19,68339.8
28,DCDS,2023-09-20,68927.08
28,DCDS,2023-09-21,69894.28
28,DCDS,2023-09-22,68778.84
28,DCDS,2023-09-25,67209.64
28,DCDS,2023-09-26,64411.45
28,DCDS,2023-09-27,63614.06
28,DCDS,2023-09-28,65110.46
28,DCDS,2023-09-29,65235.03
28,DCDS,2023-10-02,65011.48
28,DCDS,2023-10-03,65174.04
28,DCDS,2023-10-04,62666.55
28,DCDS,2023-10-05,63722.18
28,DCDS,2023-10-06,62814.06
28,DCDS,2023-10-09,63953.11
28,DCDS,2023-10-10,64919.46
28,DCDS,2023-10-11,65007.51
28,DCDS,2023-10-12,65896.0
28,DCDS,2023-10-13,65848.83
28,DCDS,2023-10-16,66356.2
28,DCDS,2023-10-17,65531.58
28,DCDS,2023-10-18,63180.88
28,DCDS,2023-10-19,62595.61
28,DCDS,2023-10-20,61386.46
28,DCDS,2023-10-23,62650.81
28,DCDS,2023-10-24,61589.86
28,DCDS,2023-10-25,62281.14
28,DCDS,2023-10-26,61927.15
28,DCDS,2023-10-27,59074.37
28,DCDS,2023-10-30,59744.51
28,DCDS,2023-10-31,57815.76
28,DCDS,2023-11-01,55978.07
28,DCDS,2023-11-02,56915.99
28,DCDS,2023-11-03,59442.67
28,DCDS,2023-11-06,59560.82
28,DCDS,2023-11-07,60310.92
28,DCDS,2023-11-08,60058.31
28,DCDS,2023-11-09,62675.17
28,DCDS,2023-11-10,62988.83
28,DCDS,2023-11-13,62523.5
28,DCDS,2023-11-14,62800.24
28,DCDS,2023-11-15,63487.29
28,DCDS,2023-11-16,63652.86
28,DCDS,2023-11-17,64203.91
28,DCDS,2023-11-20,63103.12
28,DCDS,2023-11-21,63377.96
28,DCDS,2023-11-22,64161.12
28,DCDS,2023-11-23,64647.0
28,DCDS,2023-11-24,62163.5
28,DCDS,2023-11-27,63016.36
28,DCDS,2023-11-28,62106.29
28,DCDS,2023-11-29,62533.01
28,DCDS,2023-11-30,63346.38
28,DCDS,2023-12-01,63068.47
28,DCDS,2023-12-04,63442.11
28,DCDS,2023-12-05,64978.34
28,DCDS,2023-12-06,64811.58
28,DCDS,2023-12-07,65503.22
28,DCDS,2023-12-08,64736.32
28,DCDS,2023-12-11,64743.65
28,DCDS,2023-12-12,64685.75
28,DCDS,2023-12-13,64972.68
28,DCDS,2023-12-14,63823.48
28,DCDS,2023-12-15,63506.86
28,DCDS,2023-12-18,63339.91
28,DCDS,2023-12-19,62835.58
28,DCDS,2023-12-20,63507.85
28,DCDS,2023-12-21,63916.1
28,DCDS,2023-12-22,64163.5
28,DCDS,2023-12-25,64251.39
28,DCDS,2023-12-26,65210.06
28,DCDS,2023-12-27,65553.58
28,DCDS,2023-12-28,65500.1
28,DCDS,2023-12-29,65607.01
28,DCDS,2024-01-02,65718.66
28,DCDS,2024-01-03,65216.48
28,DCDS,2024-01-04,65931.49
28,DCDS,2024-01-05,66017.21
28,DCDS,2024-01-08,66247.04
28,DCDS,2024-01-09,66316.91
28,DCDS,2024-01-10,66108.72
28,DCDS,2024-01-11,65541.99
28,DCDS,2024-01-12,65682.88
28,DCDS,2024-01-15,65140.63
28,DCDS,2024-01-16,64994.52
28,DCDS,2024-01-17,65899.04
28,DCDS,2024-01-18,65945.1
28,DCDS,2024-01-19,66368.82
28,DCDS,2024-01-22,66762.98
28,DCDS,2024-01-23,66885.6
28,DCDS,2024-01-24,66766.83
28,DCDS,2024-01-25,66412.4
28,DCDS,2024-01-26,66546.0
28,DCDS,2024-01-29,66904.9
28,DCDS,2024-01-30,66926.17
28,DCDS,2024-01-31,67463.59
28,DCDS,2024-02-01,66785.13
28,DCDS,2024-02-02,67721.91
28,DCDS,2024-02-05,67985.36
28,DCDS,2024-02-06,68805.06
28,DCDS,2024-02-07,69280.47
28,DCDS,2024-02-15,69759.59
28,DCDS,2024-02-16,69801.21
28,DCDS,2024-02-19,69884.77
28,DCDS,2024-02-20,69939.44
28,DCDS,2024-02-21,69929.59
28,DCDS,2024-02-22,70274.14
28,DCDS,2024-02-23,70170.03
28,DCDS,2024-02-26,69124.66
28,DCDS,2024-02-27,70444.55
28,DCDS,2024-02-28,71388.95
28,DCDS,2024-02-29,71861.42
28,DCDS,2024-03-01,72191.61
28,DCDS,2024-03-04,72926.51
28,DCDS,2024-03-05,73197.03
28,DCDS,2024-03-06,73613.63
28,DCDS,2024-03-07,72807.79
28,DCDS,2024-03-08,73412.84
28,DCDS,2024-03-11,72219.02
28,DCDS,2024-03-12,71708.0
28,DCDS,2024-03-13,72564.35
28,DCDS,2024-03-14,74700.06
28,DCDS,2024-03-15,74441.89
28,DCDS,2024-03-18,74435.41
28,DCDS,2024-03-19,72779.32
28,DCDS,2024-03-20,72471.29
28,DCDS,2024-03-21,73931.16
28,DCDS,2024-03-22,75110.44
28,DCDS,2024-03-25,75288.54
28,DCDS,2024-03-26,74321.0
28,DCDS,2024-03-27,75257.28
28,DCDS,2024-03-28,75802.01
28,DCDS,2024-03-29,76579.99
28,DCDS,2024-04-01,76252.54
28,DCDS,2024-04-02,76061.71
28,DCDS,2024-04-03,76685.3
28,DCDS,2024-04-04,75355.63
28,DCDS,2024-04-05,74953.94
28,DCDS,2024-04-08,73947.08
28,DCDS,2024-04-09,73309.86
28,DCDS,2024-04-10,74333.56
28,DCDS,2024-04-11,73972.99
28,DCDS,2024-04-12,74241.52
28,DCDS,2024-04-15,75489.96
28,DCDS,2024-04-16,71484.54
28,DCDS,2024-04-17,71715.55
28,DCDS,2024-04-19,70448.0
28,DCDS,2024-04-22,69086.72
28,DCDS,2024-04-23,70220.16
28,DCDS,2024-04-24,69813.33
28,DCDS,2024-04-25,72371.79
28,DCDS,2024-04-26,72496.89
28,DCDS,2024-05-02,72945.92
28,DCDS,2024-05-03,73738.3
28,DCDS,2024-05-06,74186.74
28,DCDS,2024-05-07,75649.42
28,DCDS,2024-05-08,76321.67
28,DCDS,2024-05-09,76499.67
28,DCDS,2024-05-10,76474.5
28,DCDS,2024-05-13,76588.15
28,DCDS,2024-05-14,76119.57
28,DCDS,2024-05-15,76601.08
28,DCDS,2024-05-16,77619.71
28,DCDS,2024-05-17,78458.02
28,DCDS,2024-05-20,78787.98
28,DCDS,2024-05-21,78794.41
28,DCDS,2024-05-22,79250.63
28,DCDS,2024-05-23,79062.9
28,DCDS,2024-05-24,79913.28
28,DCDS,2024-05-27,78087.82
28,DCDS,2024-05-28,78367.43
28,DCDS,2024-05-29,79639.74
28,DCDS,2024-05-30,79001.93
28,DCDS,2024-05-31,79079.32
28,DCDS,2024-06-03,79286.75
28,DCDS,2024-06-04,80283.05
28,DCDS,2024-06-05,80673.12
28,DCDS,2024-06-06,80134.84
28,DCDS,2024-06-07,80309.02
28,DCDS,2024-06-10,80857.92
28,DCDS,2024-06-11,81672.79
28,DCDS,2024-06-12,81745.25
28,DCDS,2024-06-13,82941.86
28,DCDS,2024-06-14,83176.13
28,DCDS,2024-06-17,81655.83
28,DCDS,2024-06-18,81316.99
28,DCDS,2024-06-19,81694.05
28,DCDS,2024-06-20,82161.82
28,DCDS,2024-06-21,82663.13
28,DCDS,2024-06-24,82963.51
28,DCDS,2024-06-25,80456.47
28,DCDS,2024-06-26,80499.57
28,DCDS,2024-06-27,80917.3
28,DCDS,2024-06-28,80756.01
28,DCDS,2024-07-01,79515.4
28,DCDS,2024-07-02,80083.33
28,DCDS,2024-07-03,80747.09
28,DCDS,2024-07-04,81159.41
28,DCDS,2024-07-05,81582.79
28,DCDS,2024-07-08,82118.71
28,DCDS,2024-07-09,82799.01
28,DCDS,2024-07-10,83072.35
28,DCDS,2024-07-11,82253.85
28,DCDS,2024-07-12,81887.91
28,DCDS,2024-07-15,81638.39
28,DCDS,2024-07-16,81556.57
28,DCDS,2024-07-17,81652.71
28,DCDS,2024-07-18,80606.58
28,DCDS,2024-07-19,81030.09
28,DCDS,2024-07-22,80426.57
28,DCDS,2024-07-23,79191.98
28,DCDS,2024-07-24,77593.1
28,DCDS,2024-07-25,77896.51
28,DCDS,2024-07-26,77572.64
28,DCDS,2024-07-29,78376.91
28,DCDS,2024-07-30,78824.91
28,DCDS,2024-07-31,78662.62
28,DCDS,2024-08-01,78713.23
28,DCDS,2024-08-02,76470.06
28,DCDS,2024-08-05,77282.3
28,DCDS,2024-08-06,74109.05
28,DCDS,2024-08-07,75657.72
28,DCDS,2024-08-08,75712.49
28,DCDS,2024-08-09,75078.45
28,DCDS,2024-08-12,76804.65
28,DCDS,2024-08-13,77630.49
28,DCDS,2024-08-14,77647.0
28,DCDS,2024-08-15,77417.24
28,DCDS,2024-08-16,76728.95
28,DCDS,2024-08-19,78815.24
28,DCDS,2024-08-20,79502.65
28,DCDS,2024-08-21,80116.15
28,DCDS,2024-08-22,80939.44
28,DCDS,2024-08-23,80915.0
28,DCDS,2024-08-26,80879.37
28,DCDS,2024-08-27,80139.12
28,DCDS,2024-08-28,80211.29
28,DCDS,2024-08-29,80188.33
28,DCDS,2024-08-30,80254.43
28,DCDS,2024-09-04,80598.96
28,DCDS,2024-09-05,79997.6
28,DCDS,2024-09-06,79241.66
28,DCDS,2024-09-09,79556.94
28,DCDS,2024-09-10,79189.04
28,DCDS,2024-09-11,78590.35
28,DCDS,2024-09-12,78587.15
28,DCDS,2024-09-13,78753.09
28,DCDS,2024-09-16,78768.84
28,DCDS,2024-09-17,77923.63
28,DCDS,2024-09-18,79036.86
28,DCDS,2024-09-19,79693.61
28,DCDS,2024-09-20,80079.46
28,DCDS,2024-09-23,80308.07
28,DCDS,2024-09-24,80023.92
28,DCDS,2024-09-25,80641.59
28,DCDS,2024-09-26,81247.28
28,DCDS,2024-09-27,81237.04
28,DCDS,2024-09-30,81033.19
28,DCDS,2024-10-01,81062.4
28,DCDS,2024-10-02,81167.73
28,DCDS,2024-10-03,80845.87
28,DCDS,2024-10-04,80009.49
28,DCDS,2024-10-07,79614.03
28,DCDS,2024-10-08,79806.61
28,DCDS,2024-10-09,79795.03
28,DCDS,2024-10-10,80418.86
28,DCDS,2024-10-11,80848.38
28,DCDS,2024-10-14,80971.24
28,DCDS,2024-10-15,80624.05
28,DCDS,2024-10-16,80378.14
28,DCDS,2024-10-17,80533.87
28,DCDS,2024-10-18,81095.12
28,DCDS,2024-10-21,80859.04
28,DCDS,2024-10-22,80447.73
28,DCDS,2024-10-23,79933.7
28,DCDS,2024-10-24,80078.9
28,DCDS,2024-10-25,79028.76
28,DCDS,2024-10-28,78960.95
28,DCDS,2024-10-29,79243.26
28,DCDS,2024-10-30,79769.56
28,DCDS,2024-10-31,79697.66
28,DCDS,2024-11-01,80184.75
28,DCDS,2024-11-04,79396.4
28,DCDS,2024-11-05,78776.76
28,DCDS,2024-11-06,78842.0
28,DCDS,2024-11-07,79820.11
28,DCDS,2024-11-08,79886.79
28,DCDS,2024-11-11,79667.13
28,DCDS,2024-11-12,79404.72
28,DCDS,2024-11-13,78926.13
28,DCDS,2024-11-14,79137.79
28,DCDS,2024-11-15,77986.68
28,DCDS,2024-11-18,77204.26
28,DCDS,2024-11-19,77018.13
28,DCDS,2024-11-20,75618.0
28,DCDS,2024-11-21,76243.03
28,DCDS,2024-11-22,77330.79
28,DCDS,2024-11-25,77302.84
28,DCDS,2024-11-26,77619.35
28,DCDS,2024-11-27,78020.61
28,DCDS,2024-11-28,78216.53
28,DCDS,2024-11-29,78447.36
28,DCDS,2024-12-02,79311.46
28,DCDS,2024-12-03,79319.82
28,DCDS,2024-12-04,79369.26
28,DCDS,2024-12-05,78878.81
28,DCDS,2024-12-06,80883.15
28,DCDS,2024-12-09,81032.36
28,DCDS,2024-12-10,81172.63
28,DCDS,2024-12-11,81152.92
28,DCDS,2024-12-12,80982.39
28,DCDS,2024-12-13,80770.39
28,DCDS,2024-12-16,80567.9
28,DCDS,2024-12-17,80770.71
28,DCDS,2024-12-18,80549.56
28,DCDS,2024-12-19,80779.16
28,DCDS,2024-12-20,80288.95
28,DCDS,2024-12-23,80543.95
28,DCDS,2024-12-24,80865.45
28,DCDS,2024-12-25,80821.26
28,DCDS,2024-12-26,81783.14
28,DCDS,2024-12-27,81600.04
28,DCDS,2024-12-30,81555.51
28,DCDS,2024-12-31,81619.28
28,DCDS,2025-01-02,81435.01
28,DCDS,2025-01-03,81428.67
28,DCDS,2025-01-06,80083.42
28,DCDS,2025-01-07,79351.3
28,DCDS,2025-01-08,79350.71
28,DCDS,2025-01-09,79547.0
28,DCDS,2025-01-10,79189.43
28,DCDS,2025-01-13,78085.47
28,DCDS,2025-01-14,78457.46
28,DCDS,2025-01-15,77863.23
28,DCDS,2025-01-16,78239.97
28,DCDS,2025-01-17,78653.63
28,DCDS,2025-01-20,79362.23
28,DCDS,2025-01-21,79413.93
28,DCDS,2025-01-22,79267.68
28,DCDS,2025-01-23,79159.95
28,DCDS,2025-01-24,80461.81
28,DCDS,2025-02-03,80659.4
28,DCDS,2025-02-04,79565.47
28,DCDS,2025-02-05,80522.34
28,DCDS,2025-02-06,80732.9
28,DCDS,2025-02-07,80789.83
28,DCDS,2025-02-10,80827.06
28,DCDS,2025-02-11,79667.08
28,DCDS,2025-02-12,80271.74
28,DCDS,2025-02-13,80100.84
28,DCDS,2025-02-14,80155.61
28,DCDS,2025-02-17,80444.46
28,DCDS,2025-02-18,79806.58
28,DCDS,2025-02-19,80161.99
28,DCDS,2025-02-20,80986.2
28,DCDS,2025-02-21,81090.83
28,DCDS,2025-02-24,81251.3
28,DCDS,2025-02-25,81614.03
28,DCDS,2025-02-26,81418.39
28,DCDS,2025-02-27,81440.47
28,DCDS,2025-02-28,81829.15
28,DCDS,2025-03-03,81491.7
28,DCDS,2025-03-04,81696.95
28,DCDS,2025-03-05,82052.52
28,DCDS,2025-03-06,81356.6
28,DCDS,2025-03-07,82594.52
28,DCDS,2025-03-10,82775.63
28,DCDS,2025-03-11,82614.83
28,DCDS,2025-03-12,82827.03
28,DCDS,2025-03-13,82387.59
28,DCDS,2025-03-14,81375.55
28,DCDS,2025-03-17,80970.13
28,DCDS,2025-03-18,81373.23
28,DCDS,2025-03-19,80828.16
28,DCDS,2025-03-20,80029.92
28,DCDS,2025-03-21,80213.6
28,DCDS,2025-03-24,80237.93
28,DCDS,2025-03-25,80621.34
28,DCDS,2025-03-26,80658.91
28,DCDS,2025-03-27,80367.51
28,DCDS,2025-03-28,80273.65
28,DCDS,2025-03-31,79771.59
28,DCDS,2025-04-01,79331.9
28,DCDS,2025-04-02,79840.04
28,DCDS,2025-04-03,79954.7
28,DCDS,2025-04-04,75067.16
28,DCDS,2025-04-08,74513.26
28,DCDS,2025-04-09,70120.42
28,DCDS,2025-04-10,68057.72
28,DCDS,2025-04-11,71847.59
28,DCDS,2025-04-14,74893.96
28,DCDS,2025-04-15,76684.3
28,DCDS,2025-04-16,75977.97
28,DCDS,2025-04-17,74841.06
28,DCDS,2025-04-18,75419.0
28,DCDS,2025-04-21,75372.33
28,DCDS,2025-04-22,74945.23
28,DCDS,2025-04-23,74617.88
28,DCDS,2025-04-24,75751.55
28,DCDS,2025-04-25,76403.9
28,DCDS,2025-04-28,76690.75
28,DCDS,2025-04-29,76432.68
28,DCDS,2025-05-05,76606.77
28,DCDS,2025-05-06,77709.57
28,DCDS,2025-05-07,77630.86
28,DCDS,2025-05-08,78073.99
28,DCDS,2025-05-09,79132.0
28,DCDS,2025-05-12,78953.18
28,DCDS,2025-05-13,80085.17
28,DCDS,2025-05-14,81011.05
28,DCDS,2025-05-15,81707.74
28,DCDS,2025-05-16,81699.69
28,DCDS,2025-05-19,81002.8
28,DCDS,2025-05-20,80831.76
28,DCDS,2025-05-21,82524.63
28,DCDS,2025-05-22,83589.7
28,DCDS,2025-05-23,83208.95
28,DCDS,2025-05-26,83528.91
28,DCDS,2025-05-27,84789.8
28,DCDS,2025-05-28,85495.85
28,DCDS,2025-05-29,85706.22
28,DCDS,2025-05-30,86034.54
28,DCDS,2025-06-02,85363.62
28,DCDS,2025-06-02,85363.62
28,DCDS,2025-06-03,85567.82
28,DCDS,2025-06-04,86211.15
28,DCDS,2025-06-05,86146.76
28,DCDS,2025-06-06,86020.33
28,DCDS,2025-06-09,85194.02
28,DCDS,2025-06-10,83848.31
28,DCDS,2025-06-11,84433.03
28,DCDS,2025-06-12,84468.17
28,DCDS,2025-06-13,85309.03
28,DCDS,2025-06-16,84591.96
28,DCDS,2025-06-17,85826.45
28,DCDS,2025-06-18,86580.17
28,DCDS,2025-06-18,86580.17
28,DCDS,2025-06-19,86627.33
28,DCDS,2025-06-20,87007.21
28,DCDS,2025-06-20,87007.21
28,DCDS,2025-06-23,87019.13
28,DCDS,2025-06-24,87239.19
28,DCDS,2025-06-25,87939.8
28,DCDS,2025-06-26,88009.58
28,DCDS,2025-06-27,88192.47
28,DCDS,2025-06-30,88247.19
28,DCDS,2025-07-01,88678.26
28,DCDS,2025-07-02,88495.37
28,DCDS,2025-07-03,89219.36
28,DCDS,2025-07-04,89127.66
28,DCDS,2025-07-07,89584.37
28,DCDS,2025-07-08,90551.26
28,DCDS,2025-07-09,91343.38
28,DCDS,2025-07-10,91571.98
28,DCDS,2025-07-11,92065.65
28,DCDS,2025-07-14,92531.18
28,DCDS,2025-07-15,93481.37
28,DCDS,2025-07-16,93073.8
28,DCDS,2025-07-17,94278.69
28,DCDS,2025-07-18,95468.03
28,DCDS,2025-07-21,96373.23
28,DCDS,2025-07-22,95454.64
28,DCDS,2025-07-23,97121.49
28,DCDS,2025-07-24,97449.03
28,DCDS,2025-07-25,97858.18
28,DCDS,2025-07-28,98932.18
28,DCDS,2025-07-29,100823.9
28,DCDS,2025-07-30,96032.53
28,DCDS,2025-07-31,97612.53
28,DCDS,2025-08-01,97608.26
28,DCDS,2025-08-04,96963.68
28,DCDS,2025-08-05,99083.78
28,DCDS,2025-08-06,100286.96
28,DCDS,2025-08-07,102425.85
28,DCDS,2025-08-08,103459.07
28,DCDS,2025-08-11,103689.48
28,DCDS,2025-08-12,104320.21
28,DCDS,2025-08-13,104883.08
28,DCDS,2025-08-14,105191.38
28,DCDS,2025-08-15,107371.07
28,DCDS,2025-08-18,106515.08
28,DCDS,2025-08-19,107181.11
28,DCDS,2025-08-20,108432.16
28,DCDS,2025-08-21,108787.18
28,DCDS,2025-08-22,109977.4
28,DCDS,2025-08-25,106119.55
28,DCDS,2025-08-26,103511.43
28,DCDS,2025-08-27,107956.97
28,DCDS,2025-08-28,108260.15
28,DCDS,2025-08-29,109388.2
28,DCDS,2025-09-03,110037.18
28,DCDS,2025-09-04,110145.16
28,DCDS,2025-09-05,111115.56
28,DCDS,2025-09-08,108303.17
28,DCDS,2025-09-09,104993.85
28,DCDS,2025-09-10,106738.8
28,DCDS,2025-09-11,106876.14
28,DCDS,2025-09-12,107841.76
28,DCDS,2025-09-15,108248.43
28,DCDS,2025-09-16,109435.73
28,DCDS,2025-09-17,108980.14
28,DCDS,2025-09-18,107524.4
28,DCDS,2025-09-19,107430.61
28,DCDS,2025-09-22,106945.96
28,DCDS,2025-09-23,105173.46
28,DCDS,2025-09-24,105379.02
28,DCDS,2025-09-25,107514.69
28,DCDS,2025-09-26,107819.3
28,DCDS,2025-09-29,107088.7
28,DCDS,2025-09-30,107417.05
28,DCDS,2025-10-01,107138.03
28,DCDS,2025-10-02,107557.25
28,DCDS,2025-10-03,106121.56
28,DCDS,2025-10-06,105123.62
28,DCDS,2025-10-07,109039.08
28,DCDS,2025-10-08,107974.73
28,DCDS,2025-10-09,109254.28
28,DCDS,2025-10-10,110649.52
28,DCDS,2025-10-13,112564.43
28,DCDS,2025-10-14,114460.71
28,DCDS,2025-10-15,114648.23
28,DCDS,2025-10-16,114993.41
28,DCDS,2025-10-17,115766.13
28,DCDS,2025-10-20,113309.62
28,DCDS,2025-10-21,106592.54
28,DCDS,2025-10-22,107540.54
28,DCDS,2025-10-23,108403.73
28,DCDS,2025-10-24,108343.34
28,DCDS,2025-10-27,107660.33
28,DCDS,2025-10-28,104490.76
28,DCDS,2025-10-29,106647.79
28,DCDS,2025-10-30,106696.38
28,DCDS,2025-10-31,105718.25
28,DCDS,2025-11-03,103484.56
28,DCDS,2025-11-04,100868.72
28,DCDS,2025-11-05,103612.75
28,DCDS,2025-11-06,103110.15
28,DCDS,2025-11-07,102077.29
28,DCDS,2025-11-10,99242.26
28,DCDS,2025-11-11,98276.42
28,DCDS,2025-11-12,99299.22
28,DCDS,2025-11-13,101726.26
28,DCDS,2025-11-14,101188.02
28,DCDS,2025-11-17,101621.39
28,DCDS,2025-11-18,102896.65
28,DCDS,2025-11-19,103357.6
28,DCDS,2025-11-20,102573.34
28,DCDS,2025-11-21,102835.17
28,DCDS,2025-11-24,102859.28
28,DCDS,2025-11-25,103152.84
28,DCDS,2025-11-26,102377.99
28,DCDS,2025-11-27,103724.44
28,DCDS,2025-11-28,103398.79
28,DCDS,2025-12-01,103858.67
28,DCDS,2025-12-02,104036.33
28,DCDS,2025-12-03,104710.89
28,DCDS,2025-12-04,105760.69
28,DCDS,2025-12-05,106203.6
28,DCDS,2025-12-08,106231.0
28,DCDS,2025-12-09,106686.24
28,DCDS,2025-12-10,106117.3
28,DCDS,2025-12-11,104269.9
28,DCDS,2025-12-12,102786.98
28,DCDS,2025-12-15,99448.2
28,DCDS,2025-12-16,99306.7
28,DCDS,2025-12-17,101354.62
28,DCDS,2025-12-18,100952.85
28,DCDS,2025-12-19,101125.4
28,DCDS,2025-12-22,102955.39
28,DCDS,2025-12-23,105900.56
28,DCDS,2025-12-24,107418.52
28,DCDS,2025-12-25,108699.14
28,DCDS,2025-12-26,105647.17
28,DCDS,2025-12-29,105045.65
28,DCDS,2025-12-30,106420.05
28,DCDS,2025-12-31,107127.08
28,DCDS,2026-01-05,108177.37
28,DCDS,2026-01-06,108114.64
28,DCDS,2026-01-07,109782.89
28,DCDS,2026-01-08,111575.43
28,DCDS,2026-01-09,110245.51
28,DCDS,2026-01-12,110189.86
28,DCDS,2026-01-13,110744.79
28,DCDS,2026-01-14,111846.12
28,DCDS,2026-01-15,111012.62
28,DCDS,2026-01-16,109603.98
28,DCDS,2026-01-19,110053.46
28,DCDS,2026-01-20,111407.99
28,DCDS,2026-01-21,111104.94
28,DCDS,2026-01-22,110933.12
28,DCDS,2026-01-23,110737.96
28,DCDS,2026-01-26,109697.95
28,DCDS,2026-01-27,107785.37
28,DCDS,2026-01-28,107860.47
28,DCDS,2026-01-29,107798.17
28,DCDS,2026-01-30,108628.58
28,DCDS,2026-02-02,109876.05
28,DCDS,2026-02-03,109788.21
28,DCDS,2026-02-04,110247.62
28,DCDS,2026-02-05,110245.35
28,DCDS,2026-02-06,108182.99
28,DCDS,2026-02-09,106459.86
28,DCDS,2026-02-10,106667.84
28,DCDS,2026-02-11,105417.6
28,DCDS,2026-02-12,107617.07
28,DCDS,2026-02-13,108387.04
28,DCDS,2026-02-23,109026.08
28,DCDS,2026-02-24,110960.82
28,DCDS,2026-02-25,111675.3
28,DCDS,2026-02-26,111696.01
28,DCDS,2026-02-27,112345.79
28,DCDS,2026-03-02,112300.39
28,DCDS,2026-03-03,111144.5
28,DCDS,2026-03-04,110047.7
28,DCDS,2026-03-05,109432.02
28,DCDS,2026-03-06,107562.38
28,DCDS,2026-03-09,105927.53
28,DCDS,2026-03-10,99510.54
28,DCDS,2026-03-11,101173.3
28,DCDS,2026-03-12,104000.09
28,DCDS,2026-03-13,103057.25
28,DCDS,2026-03-16,101906.47
28,DCDS,2026-03-17,101388.49
28,DCDS,2026-03-18,101919.53
28,DCDS,2026-03-19,101873.35
28,DCDS,2026-03-20,101307.22
28,DCDS,2026-03-23,99203.81
28,DCDS,2026-03-24,96298.19
28,DCDS,2026-03-25,97923.63
28,DCDS,2026-03-26,100237.48
28,DCDS,2026-03-27,99362.73
28,DCDS,2026-03-30,100644.21
28,DCDS,2026-03-31,100494.67
28,DCDS,2026-04-01,101094.24
28,DCDS,2026-04-02,101419.04
28,DCDS,2026-04-03,100505.28
28,DCDS,2026-04-06,99190.22
28,DCDS,2026-04-07,98265.8
28,DCDS,2026-04-08,98329.57
28,DCDS,2026-04-09,102547.0
28,DCDS,2026-04-10,101858.8
28,DCDS,2026-04-13,101912.6
28,DCDS,2026-04-14,101983.79
28,DCDS,2026-04-15,102530.31
28,DCDS,2026-04-16,102493.12
28,DCDS,2026-04-17,103073.92
28,DCDS,2026-04-20,103306.7
28,DCDS,2026-04-21,104381.7
28,DCDS,2026-04-22,103887.49
28,DCDS,2026-04-23,104468.32
28,DCDS,2026-04-24,104502.12
28,DCDS,2026-04-28,103760.78
28,DCDS,2026-04-29,104707.02
28,DCDS,2026-05-04,103653.99
28,DCDS,2026-05-05,103282.62
28,DCDS,2026-05-06,103844.64
28,DCDS,2026-05-07,104749.36
28,DCDS,2026-05-08,105920.95
28,DCDS,2026-05-11,106461.34
28,DCDS,2026-05-12,105322.44
28,DCDS,2026-05-13,105860.73
28,DCDS,2026-05-14,105371.87
28,DCDS,2026-05-15,106573.1
28,DCDS,2026-05-18,105889.22
28,DCDS,2026-05-19,105725.73
28,DCDS,2026-05-20,104941.13
28,DCDS,2026-05-21,104433.6
28,DCDS,2026-05-22,103726.81
28,DCDS,2026-05-25,102510.28
28,DCDS,2026-05-26,102823.67
28,DCDS,2026-05-27,102890.99
28,DCDS,2026-05-28,102412.47
28,DCDS,2026-05-29,101408.24
28,DCDS,2026-06-01,101122.59
28,DCDS,2026-06-02,100623.83
28,DCDS,2026-06-03,99453.27
28,DCDS,2026-06-04,99622.1
28,DCDS,2026-06-05,100470.57
28,DCDS,2026-06-08,100378.09
28,DCDS,2026-06-09,97994.49
28,DCDS,2026-06-10,98468.78
28,DCDS,2026-06-11,98962.86
28,DCDS,2026-06-12,98464.3
28,DCDS,2026-06-15,97989.55
28,DCDS,2026-06-16,99157.88
28,DCDS,2026-06-17,99543.36
28,DCDS,2026-06-18,99564.0
28,DCDS,2026-06-19,99846.05
28,DCDS,2026-06-22,99239.87
28,DCDS,2026-06-23,100292.71
28,DCDS,2026-06-24,100437.0
28,DCDS,2026-06-25,100632.49
28,DCDS,2026-06-26,100143.04
28,DCDS,2026-06-29,100615.8
28,DCDS,2026-06-30,100550.64
28,DCDS,2026-07-01,100667.85
28,DCDS,2026-07-02,101144.25
28,DCDS,2026-07-03,101039.87
28,DCDS,2026-07-06,100665.01
28,DCDS,2026-07-07,99483.43
28,DCDS,2026-07-08,99732.89
28,DCDS,2026-07-09,99879.19
28,DCDS,2026-07-10,99018.96
28,DCDS,2026-07-13,98053.01
28,DCDS,2026-07-14,96724.5
28,DCDS,2026-07-15,97109.0
28,DCDS,2026-07-16,95807.83
28,DCDS,2026-07-17,96837.02
28,DCDS,2026-07-20,96101.41
28,DCDS,2026-07-21,93766.64
28,DCDS,2026-07-22,93429.12
28,DCDS,2026-07-23,90617.66
28,DCDS,2026-07-24,91834.21
28,DCDS,2026-07-27,91251.09
28,DCDS,2026-07-28,89852.73
28,DCDS,2026-07-29,90653.15
28,DCDS,2026-07-30,91495.2
28,DCDS,2026-07-31,93288.23
28,DCDS,2026-08-03,92958.24
28,DCDS,2026-08-04,94160.51
28,DCDS,2026-08-05,94597.59
28,DCDS,2026-08-06,94374.35
28,DCDS,2026-08-07,93915.08
28,DCDS,2026-08-10,93997.38
28,DCDS,2026-08-11,94689.48
28,DCDS,2026-08-12,94397.44
28,DCDS,2026-08-13,95135.49
28,DCDS,2026-08-14,93969.17
28,DCDS,2026-08-17,92623.97
28,DCDS,2026-08-18,92648.53
28,DCDS,2026-08-19,92560.39
28,DCDS,2026-08-20,92333.86
28,DCDS,2026-08-21,92611.71
28,DCDS,2026-08-24,94423.17
28,DCDS,2026-08-25,95114.81
28,DCDS,2026-08-26,94749.24
28,DCDS,2026-08-27,96246.61
28,DCDS,2026-08-28,96849.93
28,DCDS,2026-09-03,96730.32
28,DCDS,2026-09-04,95765.45
28,DCDS,2026-09-07,96665.58
28,DCDS,2026-09-08,95086.03
28,DCDS,2026-09-09,95419.75
28,DCDS,2026-09-10,95308.61
28,DCDS,2026-09-11,95620.26
28,DCDS,2026-09-14,93863.84
28,DCDS,2026-09-15,93439.2
28,DCDS,2026-09-16,94654.15
28,DCDS,2026-09-17,94566.01
28,DCDS,2026-09-18,95325.99
28,DCDS,2026-09-21,94581.82
28,DCDS,2026-09-22,94487.01
28,DCDS,2026-09-23,95191.85
28,DCDS,2026-09-24,94916.43
28,DCDS,2026-09-25,93849.9
28,DCDS,2026-09-28,94284.22
28,DCDS,2026-09-29,94051.45
28,DCDS,2026-09-30,94030.54
28,DCDS,2026-10-01,93928.71
28,DCDS,2026-10-02,93391.37
28,DCDS,2026-10-05,92822.4
28,DCDS,2026-10-06,93322.27
